id_registro,fecha,cliente_minero,unidad_minera,departamento,tipo_mineral,tipo_perforacion,codigo_equipo,turno,profundidad_objetivo_m,dureza_roca_mohs,metros_perforados_dia,recuperacion_testigo_pct,horas_operativas,horas_mantenimiento,presion_fluido_psi,rpm_perforadora,consumo_combustible_gal,desgaste_broca_pct,causa_parada,costo_diario_usd,ingreso_diario_usd,margen_operativo_usd,incidente_seguridad,estado_operativo
EXP-0001,2023-01-01,Minera Chinalco Perú,Toromocho,Junín,Copper,Diamantina Superficial,RIG-DD-029,Noche (12h),1321,4.2,58.68,91.3,11.8,0.2,412,924,106.6,53.9,,3727.22,4766.44,1039.22,Ninguno,Operación Normal
EXP-0002,2023-01-02,Minera Barrick Misquichilca,Lagunas Norte,La Libertad,Gold,Diamantina Subterránea,RIG-DD-030,Día (12h),1294,4.0,41.28,96.7,11.9,0.1,445,595,92.9,45.7,Sin Parada / Operación Continua,3388.51,4599.53,1211.02,Ninguno,Operación Normal
EXP-0003,2023-01-03,Compañía Minera Coimolache,Tantahuatay,Cajamarca,Gold-Copper,Diamantina Superficial,RIG-DD-039,Noche (12h),563,7.6,21.14,84.5,10.5,1.5,265,831,72.6,38.2,Mantenimiento Preventivo,1694.24,1958.43,264.19,Ninguno,Baja Eficiencia / Roca Dura
EXP-0004,2023-01-04,Marcobre S.A.C.,Mina Justa,Ica,Copper,Diamantina Superficial,RIG-DD-025,Noche (12h),769,8.0,12.68,92.9,9.9,2.1,281,515,87.0,37.7,Mantenimiento Preventivo,1117.6,1267.6,150.0,Ninguno,Baja Eficiencia / Roca Dura
EXP-0005,2023-01-05,Minera Chinalco Perú,Toromocho,Junín,Copper,Diamantina Subterránea,RIG-DD-101,Noche (12h),962,7.6,29.52,90.1,9.1,2.9,393,966,78.5,51.8,Espera Geología,2769.47,3588.76,819.29,Ninguno,Baja Eficiencia / Roca Dura
EXP-0006,2023-01-06,Minsur S.A.,San Rafael,Puno,Tin,Diamantina Superficial,RIG-DD-008,Noche (12h),475,8.0,13.09,82.3,11.3,0.7,287,542,86.7,32.4,Sin Parada / Operación Continua,1106.61,1398.74,292.13,Ninguno,Baja Eficiencia / Roca Dura
EXP-0007,2023-01-07,Minera Chinalco Perú,Toromocho,Junín,Copper,Diamantina Subterránea,RIG-DD-058,Noche (12h),249,6.3,21.63,90.4,12.0,0.0,344,875,73.4,33.0,Sin Parada / Operación Continua,1977.61,2615.68,638.07,Ninguno,Operación Normal
EXP-0008,2023-01-08,Compañía Minera Coimolache,Tantahuatay,Cajamarca,Gold-Copper,Diamantina Superficial,RIG-DD-016,Día (12h),1581,7.6,21.59,86.2,10.8,1.2,270,917,70.2,32.4,Mantenimiento Preventivo,1832.82,2185.24,352.42,Ninguno,Baja Eficiencia / Roca Dura
EXP-0009,2023-01-09,Marcobre S.A.C.,Mina Justa,Ica,Copper,Diamantina Superficial,RIG-DD-072,Noche (12h),927,5.4,51.16,90.3,12.0,0.0,371,543,101.4,54.8,Sin Parada / Operación Continua,2820.37,4373.28,1552.91,Ninguno,Operación Normal
EXP-0010,2023-01-10,Minera Barrick Misquichilca,Lagunas Norte,La Libertad,Gold,Diamantina Superficial,RIG-DD-001,Noche (12h),1105,6.8,29.06,89.8,11.8,0.2,265,1067,102.9,43.0,Sin Parada / Operación Continua,2190.2,2928.32,738.12,Ninguno,Operación Normal
EXP-0011,2023-01-11,Compañía Minera Coimolache,Tantahuatay,Cajamarca,Gold-Copper,Diamantina Subterránea,RIG-DD-005,Noche (12h),1127,8.4,20.99,83.4,11.3,0.7,401,582,74.8,36.0,Sin Parada / Operación Continua,1700.73,2598.71,897.98,Casi Accidente,Baja Eficiencia / Roca Dura
EXP-0012,2023-01-12,Compañía Minera Coimolache,Tantahuatay,Cajamarca,Gold-Copper,Circulación Reversa,RIG-RC-003,Noche (12h),763,4.6,81.7,96.1,11.0,1.0,280,883,76.7,86.3,Espera Geología,4647.31,6569.74,1922.43,Casi Accidente,Alta Eficiencia
EXP-0013,2023-01-13,Minsur S.A.,San Rafael,Puno,Tin,Diamantina Subterránea,RIG-DD-065,Día (12h),982,5.4,29.7,94.3,11.4,0.6,405,790,66.2,42.3,Sin Parada / Operación Continua,2251.87,3538.93,1287.06,Ninguno,Operación Normal
EXP-0014,2023-01-14,Volcan Compañía Minera,Chungar / Yauli,Junín,Zinc-Lead-Silver,Diamantina Superficial,RIG-DD-004,Noche (12h),684,5.9,30.61,92.3,10.4,1.6,239,763,86.9,42.6,Mantenimiento Preventivo,1883.5,2604.39,720.89,Ninguno,Operación Normal
EXP-0015,2023-01-15,Marcobre S.A.C.,Mina Justa,Ica,Copper,Diamantina Subterránea,RIG-DD-104,Día (12h),1307,4.2,51.45,94.5,11.9,0.1,429,1040,65.6,55.4,Sin Parada / Operación Continua,4160.82,5414.29,1253.47,Ninguno,Operación Normal
EXP-0016,2023-01-16,Nexa Resources Perú,El Porvenir / Atacocha,Pasco,Zinc-Lead,Diamantina Superficial,RIG-DD-099,Día (12h),783,3.9,49.34,97.2,11.7,0.3,227,661,66.5,54.3,Sin Parada / Operación Continua,2759.71,4470.83,1711.12,Casi Accidente,Operación Normal
EXP-0017,2023-01-17,Compañía Minera Coimolache,Tantahuatay,Cajamarca,Gold-Copper,Diamantina Superficial,RIG-DD-096,Día (12h),1519,7.6,37.84,90.2,9.9,2.1,296,969,54.6,57.5,Espera Geología,2663.39,3413.24,749.85,Ninguno,Operación Normal
EXP-0018,2023-01-18,Volcan Compañía Minera,Chungar / Yauli,Junín,Zinc-Lead-Silver,Circulación Reversa,RIG-RC-010,Día (12h),435,8.4,37.97,87.6,11.7,0.3,406,608,94.6,60.9,Sin Parada / Operación Continua,2507.57,3537.93,1030.36,Ninguno,Operación Normal
EXP-0019,2023-01-19,Nexa Resources Perú,El Porvenir / Atacocha,Pasco,Zinc-Lead,Diamantina Superficial,RIG-DD-098,Noche (12h),255,5.5,33.73,88.1,10.2,1.8,212,717,73.1,43.1,Mantenimiento Preventivo,2102.08,3121.89,1019.81,Ninguno,Operación Normal
EXP-0020,2023-01-20,Marcobre S.A.C.,Mina Justa,Ica,Copper,Diamantina Superficial,RIG-DD-089,Día (12h),559,3.9,56.12,92.8,11.9,0.1,223,1110,79.6,57.8,Sin Parada / Operación Continua,3181.6,4912.62,1731.02,Ninguno,Alta Eficiencia
EXP-0021,2023-01-21,Compañía Minera Antamina,Antamina,Áncash,Copper-Zinc,Diamantina Superficial,RIG-DD-010,Día (12h),309,3.8,49.58,94.6,11.1,0.9,344,1052,101.6,53.6,Sin Parada / Operación Continua,3214.43,4485.19,1270.76,Ninguno,Operación Normal
EXP-0022,2023-01-22,Volcan Compañía Minera,Chungar / Yauli,Junín,Zinc-Lead-Silver,Diamantina Superficial,RIG-DD-021,Noche (12h),391,8.0,8.0,82.6,11.6,0.4,471,923,72.7,29.8,Sin Parada / Operación Continua,643.05,963.75,320.7,Ninguno,Baja Eficiencia / Roca Dura
EXP-0023,2023-01-23,Gold Fields La Cima,Cerro Corona,Cajamarca,Gold-Copper,Diamantina Superficial,RIG-DD-046,Noche (12h),1103,5.8,54.08,92.1,11.8,0.2,466,859,83.3,66.8,Sin Parada / Operación Continua,3249.32,4357.8,1108.48,Ninguno,Alta Eficiencia
EXP-0024,2023-01-24,Compañía Minera Antamina,Antamina,Áncash,Copper-Zinc,Diamantina Subterránea,RIG-DD-103,Noche (12h),1316,5.1,35.61,97.0,10.5,1.5,404,923,97.2,51.1,Cambio de Broca,3179.64,3873.34,693.7,Ninguno,Operación Normal
EXP-0025,2023-01-25,Minsur S.A.,San Rafael,Puno,Tin,Diamantina Superficial,RIG-DD-091,Noche (12h),1061,5.9,42.29,95.0,7.3,4.7,465,805,52.6,54.7,Espera Geología,2926.78,3792.87,866.09,Ninguno,Mantenimiento / Parada
EXP-0026,2023-01-26,Minera Chinalco Perú,Toromocho,Junín,Copper,Circulación Reversa,RIG-RC-002,Noche (12h),767,5.1,64.17,95.0,11.9,0.1,383,1129,91.9,64.2,Sin Parada / Operación Continua,3190.94,5149.06,1958.12,Ninguno,Alta Eficiencia
EXP-0027,2023-01-27,Minera Barrick Misquichilca,Lagunas Norte,La Libertad,Gold,Diamantina Subterránea,RIG-DD-041,Día (12h),1283,5.9,30.9,93.4,11.0,1.0,351,642,64.0,46.0,Cambio de Broca,2225.53,3137.96,912.43,Ninguno,Operación Normal
EXP-0028,2023-01-28,Gold Fields La Cima,Cerro Corona,Cajamarca,Gold-Copper,Diamantina Superficial,RIG-DD-013,Día (12h),849,7.8,9.62,94.0,9.8,2.2,191,1148,84.9,33.3,Cambio de Broca,1086.4,1127.26,40.86,Ninguno,Baja Eficiencia / Roca Dura
EXP-0029,2023-01-29,Minsur S.A.,San Rafael,Puno,Tin,Diamantina Superficial,RIG-DD-009,Noche (12h),238,6.5,27.07,92.5,10.9,1.1,300,720,78.4,37.1,Cambio de Broca,1921.06,2811.57,890.51,Ninguno,Operación Normal
EXP-0030,2023-01-30,Marcobre S.A.C.,Mina Justa,Ica,Copper,Diamantina Superficial,RIG-DD-036,Día (12h),1763,7.0,23.85,91.8,9.0,3.0,423,563,78.3,42.8,Cambio de Broca,1764.89,2405.73,640.84,Ninguno,Baja Eficiencia / Roca Dura
EXP-0031,2023-01-31,Minsur S.A.,San Rafael,Puno,Tin,Diamantina Subterránea,RIG-DD-086,Noche (12h),1272,5.3,41.54,88.1,11.6,0.4,331,972,75.6,47.8,Sin Parada / Operación Continua,3067.4,4387.1,1319.7,Ninguno,Operación Normal
EXP-0032,2023-02-01,Minera Chinalco Perú,Toromocho,Junín,Copper,Diamantina Superficial,RIG-DD-090,Día (12h),1643,7.2,24.42,92.6,6.2,5.8,331,504,44.6,45.7,Falla Mecánica,2352.06,2147.05,-205.01,Ninguno,Mantenimiento / Parada
EXP-0033,2023-02-02,Marcobre S.A.C.,Mina Justa,Ica,Copper,Diamantina Subterránea,RIG-DD-058,Día (12h),836,6.8,19.07,90.6,11.1,0.9,367,514,96.0,38.8,Sin Parada / Operación Continua,1572.82,2225.3,652.48,Ninguno,Operación Normal
EXP-0034,2023-02-03,Gold Fields La Cima,Cerro Corona,Cajamarca,Gold-Copper,Diamantina Superficial,RIG-DD-054,Noche (12h),1236,4.1,48.01,94.6,11.2,0.8,192,1133,105.2,53.4,Sin Parada / Operación Continua,2687.46,3902.65,1215.19,Ninguno,Operación Normal
EXP-0035,2023-02-04,Minera Chinalco Perú,Toromocho,Junín,Copper,Diamantina Subterránea,RIG-DD-012,Noche (12h),235,6.4,45.38,89.2,8.3,3.7,270,721,47.6,57.2,Condición Climatológica,3983.95,4574.88,590.93,Ninguno,Operación Normal
EXP-0036,2023-02-05,Nexa Resources Perú,El Porvenir / Atacocha,Pasco,Zinc-Lead,Diamantina Superficial,RIG-DD-081,Noche (12h),300,4.8,57.23,91.8,10.5,1.5,379,951,91.9,51.4,Falla Mecánica,3800.7,5036.3,1235.6,Ninguno,Operación Normal
EXP-0037,2023-02-06,Minera Barrick Misquichilca,Lagunas Norte,La Libertad,Gold,Diamantina Superficial,RIG-DD-078,Noche (12h),1309,7.5,28.65,91.8,10.7,1.3,253,1111,71.7,40.3,Mantenimiento Preventivo,2289.39,2947.34,657.95,Ninguno,Baja Eficiencia / Roca Dura
EXP-0038,2023-02-07,Gold Fields La Cima,Cerro Corona,Cajamarca,Gold-Copper,Circulación Reversa,RIG-RC-014,Día (12h),1739,5.6,75.5,91.7,9.7,2.3,435,811,74.7,79.1,Mantenimiento Preventivo,4404.21,5960.97,1556.76,Ninguno,Operación Normal
EXP-0039,2023-02-08,Nexa Resources Perú,El Porvenir / Atacocha,Pasco,Zinc-Lead,Diamantina Subterránea,RIG-DD-034,Día (12h),1446,8.5,33.49,84.5,10.4,1.6,455,595,69.3,61.0,Condición Climatológica,2837.78,3414.26,576.48,Ninguno,Operación Normal
EXP-0040,2023-02-09,Gold Fields La Cima,Cerro Corona,Cajamarca,Gold-Copper,Diamantina Superficial,RIG-DD-053,Noche (12h),1561,4.0,57.57,92.7,11.7,0.3,250,658,93.1,62.8,Sin Parada / Operación Continua,3420.72,4715.59,1294.87,Ninguno,Alta Eficiencia
EXP-0041,2023-02-10,Marcobre S.A.C.,Mina Justa,Ica,Copper,Circulación Reversa,RIG-RC-020,Noche (12h),365,7.4,60.95,88.7,10.0,2.0,257,735,,82.1,Condición Climatológica,4071.65,5048.25,976.6,Ninguno,Operación Normal
EXP-0042,2023-02-11,Nexa Resources Perú,El Porvenir / Atacocha,Pasco,Zinc-Lead,Diamantina Superficial,RIG-DD-075,Día (12h),582,6.9,17.28,88.1,11.7,0.3,463,459,80.0,35.5,Sin Parada / Operación Continua,1201.4,1618.89,417.49,Ninguno,Operación Normal
EXP-0043,2023-02-12,Minera Barrick Misquichilca,Lagunas Norte,La Libertad,Gold,Circulación Reversa,RIG-RC-016,Noche (12h),1599,7.3,47.7,86.6,9.0,3.0,309,635,50.9,61.5,Condición Climatológica,3237.81,3958.35,720.54,Ninguno,Operación Normal
EXP-0044,2023-02-13,Minera Chinalco Perú,Toromocho,Junín,Copper,Diamantina Subterránea,RIG-DD-095,Día (12h),1694,5.0,44.74,88.9,3.8,8.2,222,1023,23.1,59.4,Cambio de Broca,3900.56,4570.82,670.26,Ninguno,Mantenimiento / Parada
EXP-0045,2023-02-14,Compañía Minera Coimolache,Tantahuatay,Cajamarca,Gold-Copper,Diamantina Superficial,RIG-DD-070,Día (12h),989,6.0,30.54,93.9,11.1,0.9,187,1046,101.8,42.7,,2001.29,2955.06,953.77,Ninguno,Operación Normal
EXP-0046,2023-02-15,Minsur S.A.,San Rafael,Puno,Tin,Diamantina Superficial,RIG-DD-056,Día (12h),230,7.5,17.02,87.6,10.9,1.1,192,913,103.5,31.8,Falla Mecánica,1534.52,1904.05,369.53,Ninguno,Baja Eficiencia / Roca Dura
EXP-0047,2023-02-16,Compañía Minera Antamina,Antamina,Áncash,Copper-Zinc,Diamantina Superficial,RIG-DD-083,Noche (12h),1598,4.7,40.34,90.3,11.9,0.1,392,583,102.6,49.3,Sin Parada / Operación Continua,2317.77,3606.47,1288.7,Ninguno,Operación Normal
EXP-0048,2023-02-17,Minera Barrick Misquichilca,Lagunas Norte,La Libertad,Gold,Diamantina Superficial,RIG-DD-101,Noche (12h),210,4.6,36.81,93.0,12.0,0.0,290,620,79.8,50.1,Sin Parada / Operación Continua,2211.38,3193.08,981.7,Ninguno,Operación Normal
EXP-0049,2023-02-18,Nexa Resources Perú,El Porvenir / Atacocha,Pasco,Zinc-Lead,Diamantina Subterránea,RIG-DD-058,Día (12h),1525,6.3,28.27,92.0,7.4,4.6,470,662,52.6,38.3,Mantenimiento Preventivo,2713.13,3431.07,717.94,Ninguno,Mantenimiento / Parada
EXP-0050,2023-02-19,Compañía Minera Coimolache,Tantahuatay,Cajamarca,Gold-Copper,Diamantina Superficial,RIG-DD-004,Noche (12h),295,6.1,38.92,90.9,11.8,0.2,202,979,99.8,53.7,Sin Parada / Operación Continua,2775.1,3700.72,925.62,Ninguno,Operación Normal
EXP-0051,2023-02-20,Minera Barrick Misquichilca,Lagunas Norte,La Libertad,Gold,Diamantina Superficial,RIG-DD-004,Día (12h),1413,4.9,60.17,93.8,10.9,1.1,433,951,102.2,64.4,Falla Mecánica,3032.27,4816.93,1784.66,Ninguno,Alta Eficiencia
EXP-0052,2023-02-21,Nexa Resources Perú,El Porvenir / Atacocha,Pasco,Zinc-Lead,Diamantina Subterránea,RIG-DD-020,Día (12h),652,5.0,51.38,93.1,9.0,3.0,194,1021,65.9,60.1,Falla Mecánica,4249.75,5214.91,965.16,Ninguno,Operación Normal
EXP-0053,2023-02-22,Volcan Compañía Minera,Chungar / Yauli,Junín,Zinc-Lead-Silver,Pozos de Agua,RIG-RC-010,Día (12h),391,4.9,50.89,89.4,8.0,4.0,309,1049,70.5,58.7,Falla Mecánica,3514.86,4332.13,817.27,Ninguno,Operación Normal
EXP-0054,2023-02-23,Volcan Compañía Minera,Chungar / Yauli,Junín,Zinc-Lead-Silver,Diamantina Superficial,RIG-DD-024,Día (12h),685,7.4,12.81,91.0,10.7,1.3,240,476,100.6,30.8,Condición Climatológica,906.43,1215.5,309.07,Ninguno,Baja Eficiencia / Roca Dura
EXP-0055,2023-02-24,Minera Barrick Misquichilca,Lagunas Norte,La Libertad,Gold,Diamantina Superficial,RIG-DD-099,Día (12h),1489,6.8,31.55,84.3,10.5,1.5,294,517,94.4,46.2,Condición Climatológica,2126.9,2828.12,701.22,Ninguno,Operación Normal
EXP-0056,2023-02-25,Volcan Compañía Minera,Chungar / Yauli,Junín,Zinc-Lead-Silver,Diamantina Superficial,RIG-DD-026,Noche (12h),1647,7.7,22.86,89.0,10.0,2.0,246,857,64.1,40.4,Mantenimiento Preventivo,1680.76,2263.57,582.81,Ninguno,Baja Eficiencia / Roca Dura
EXP-0057,2023-02-26,Nexa Resources Perú,El Porvenir / Atacocha,Pasco,Zinc-Lead,Diamantina Superficial,RIG-DD-037,Noche (12h),1351,8.4,20.13,88.0,6.1,5.9,428,1001,33.7,42.6,Mantenimiento Preventivo,2012.21,2022.99,10.78,Ninguno,Mantenimiento / Parada
EXP-0058,2023-02-27,Nexa Resources Perú,El Porvenir / Atacocha,Pasco,Zinc-Lead,Circulación Reversa,RIG-RC-006,Noche (12h),437,5.9,64.91,90.5,10.3,1.7,354,558,76.9,67.6,Mantenimiento Preventivo,3629.03,5266.8,1637.77,Ninguno,Operación Normal
EXP-0059,2023-02-28,Minera Barrick Misquichilca,Lagunas Norte,La Libertad,Gold,Diamantina Superficial,RIG-DD-085,Día (12h),1578,3.8,67.9,96.5,10.5,1.5,181,523,80.1,64.9,Falla Mecánica,3509.57,5617.97,2108.4,Ninguno,Alta Eficiencia
EXP-0060,2023-03-01,Compañía Minera Coimolache,Tantahuatay,Cajamarca,Gold-Copper,Diamantina Subterránea,RIG-DD-054,Día (12h),1335,3.7,55.82,94.8,12.0,0.0,351,1027,75.7,55.5,Sin Parada / Operación Continua,4723.91,6078.18,1354.27,Ninguno,Alta Eficiencia
EXP-0061,2023-03-02,Minera Chinalco Perú,Toromocho,Junín,Copper,Diamantina Superficial,RIG-DD-104,Día (12h),1669,5.0,46.2,94.1,11.8,0.2,463,1129,78.3,55.5,Sin Parada / Operación Continua,2245.29,3788.61,1543.32,Ninguno,Operación Normal
EXP-0062,2023-03-03,Gold Fields La Cima,Cerro Corona,Cajamarca,Gold-Copper,Diamantina Subterránea,RIG-DD-103,Día (12h),1566,8.2,8.0,89.6,10.5,1.5,233,711,89.9,24.2,Condición Climatológica,1143.94,1352.9,208.96,Ninguno,Baja Eficiencia / Roca Dura
EXP-0063,2023-03-04,Compañía Minera Coimolache,Tantahuatay,Cajamarca,Gold-Copper,Diamantina Subterránea,RIG-DD-021,Noche (12h),1368,6.1,35.35,88.4,7.0,5.0,246,817,51.7,47.2,Cambio de Broca,2945.01,3584.29,639.28,Ninguno,Mantenimiento / Parada
EXP-0064,2023-03-05,Marcobre S.A.C.,Mina Justa,Ica,Copper,Diamantina Subterránea,RIG-DD-074,Día (12h),1288,4.9,54.99,95.2,8.4,3.6,281,686,56.9,57.0,Falla Mecánica,4307.01,5463.9,1156.89,Ninguno,Alta Eficiencia
EXP-0065,2023-03-06,Nexa Resources Perú,El Porvenir / Atacocha,Pasco,Zinc-Lead,Diamantina Superficial,RIG-DD-038,Noche (12h),1470,5.5,45.44,97.1,4.7,7.3,299,815,37.6,52.3,Espera Geología,3441.34,3939.1,497.76,Ninguno,Mantenimiento / Parada
EXP-0066,2023-03-07,Marcobre S.A.C.,Mina Justa,Ica,Copper,Diamantina Superficial,RIG-DD-046,Noche (12h),934,6.5,15.76,90.8,10.6,1.4,370,735,86.0,29.3,Falla Mecánica,1200.79,1444.96,244.17,Ninguno,Operación Normal
EXP-0067,2023-03-08,Compañía Minera Coimolache,Tantahuatay,Cajamarca,Gold-Copper,Diamantina Superficial,RIG-DD-004,Día (12h),1190,6.8,27.0,87.9,9.2,2.8,226,827,78.9,43.9,Condición Climatológica,1960.74,2238.41,277.67,Ninguno,Operación Normal
EXP-0068,2023-03-09,Gold Fields La Cima,Cerro Corona,Cajamarca,Gold-Copper,Circulación Reversa,RIG-RC-013,Noche (12h),1713,4.3,94.46,100.0,8.7,3.3,401,1110,53.3,90.8,Espera Geología,5700.98,7387.41,1686.43,Ninguno,Alta Eficiencia
EXP-0069,2023-03-10,Gold Fields La Cima,Cerro Corona,Cajamarca,Gold-Copper,Circulación Reversa,RIG-RC-020,Noche (12h),1024,8.4,46.59,86.5,10.1,1.9,200,825,85.5,67.6,Falla Mecánica,2659.16,4033.16,1374.0,Ninguno,Operación Normal
EXP-0070,2023-03-11,Compañía Minera Antamina,Antamina,Áncash,Copper-Zinc,Diamantina Subterránea,RIG-DD-017,Noche (12h),1662,6.2,37.98,91.3,11.3,0.7,337,1068,89.2,52.3,Sin Parada / Operación Continua,3093.2,4230.1,1136.9,Ninguno,Operación Normal
EXP-0071,2023-03-12,Gold Fields La Cima,Cerro Corona,Cajamarca,Gold-Copper,Diamantina Subterránea,RIG-DD-071,Noche (12h),305,4.2,64.35,95.4,10.9,1.1,338,1102,62.5,58.5,Condición Climatológica,4224.48,6434.74,2210.26,Ninguno,Alta Eficiencia
EXP-0072,2023-03-13,Minera Chinalco Perú,Toromocho,Junín,Copper,Diamantina Subterránea,RIG-DD-004,Día (12h),380,8.0,19.76,88.3,8.5,3.5,414,525,73.2,35.7,Condición Climatológica,1871.61,2478.16,606.55,Ninguno,Baja Eficiencia / Roca Dura
EXP-0073,2023-03-14,Gold Fields La Cima,Cerro Corona,Cajamarca,Gold-Copper,Diamantina Superficial,RIG-DD-093,Día (12h),383,3.9,60.13,94.2,11.4,0.6,329,458,80.2,60.9,Sin Parada / Operación Continua,3266.99,4819.24,1552.25,Incidente Menor,Alta Eficiencia
EXP-0074,2023-03-15,Compañía Minera Coimolache,Tantahuatay,Cajamarca,Gold-Copper,Circulación Reversa,RIG-RC-014,Día (12h),425,8.0,54.29,87.6,7.4,4.6,436,645,50.5,69.0,Cambio de Broca,3645.41,4639.82,994.41,Ninguno,Mantenimiento / Parada
EXP-0075,2023-03-16,Compañía Minera Antamina,Antamina,Áncash,Copper-Zinc,Diamantina Superficial,RIG-DD-003,Día (12h),976,8.5,22.0,88.9,11.5,0.5,344,1079,83.9,39.5,Sin Parada / Operación Continua,1472.31,2097.18,624.87,Ninguno,Baja Eficiencia / Roca Dura
EXP-0076,2023-03-17,Compañía Minera Coimolache,Tantahuatay,Cajamarca,Gold-Copper,Diamantina Superficial,RIG-DD-088,Noche (12h),989,7.0,32.03,87.9,9.5,2.5,256,739,65.4,54.2,Falla Mecánica,2458.95,2994.53,535.58,Ninguno,Operación Normal
EXP-0077,2023-03-18,Compañía Minera Coimolache,Tantahuatay,Cajamarca,Gold-Copper,Diamantina Superficial,RIG-DD-101,Día (12h),1312,7.4,21.42,86.9,10.2,1.8,264,510,69.9,44.4,Condición Climatológica,1758.51,2403.53,645.02,Ninguno,Baja Eficiencia / Roca Dura
EXP-0078,2023-03-19,Minsur S.A.,San Rafael,Puno,Tin,Diamantina Superficial,RIG-DD-080,Noche (12h),887,5.2,39.82,91.7,9.5,2.5,225,838,83.0,40.6,Mantenimiento Preventivo,2710.94,3749.19,1038.25,Ninguno,Operación Normal
EXP-0079,2023-03-20,Compañía Minera Antamina,Antamina,Áncash,Copper-Zinc,Diamantina Superficial,RIG-DD-058,Noche (12h),729,8.2,12.56,83.3,11.0,1.0,226,1012,66.0,36.8,Condición Climatológica,797.71,1144.57,346.86,Ninguno,Baja Eficiencia / Roca Dura
EXP-0080,2023-03-21,Compañía Minera Coimolache,Tantahuatay,Cajamarca,Gold-Copper,Diamantina Subterránea,RIG-DD-055,Día (12h),1594,6.1,23.08,88.8,7.1,4.9,392,1013,66.6,37.3,Cambio de Broca,2685.47,2923.86,238.39,Ninguno,Mantenimiento / Parada
EXP-0081,2023-03-22,Minsur S.A.,San Rafael,Puno,Tin,Diamantina Superficial,RIG-DD-004,Día (12h),1171,7.2,37.36,86.4,10.2,1.8,238,1083,78.7,59.0,Condición Climatológica,2325.75,3041.89,716.14,Ninguno,Operación Normal
EXP-0082,2023-03-23,Minsur S.A.,San Rafael,Puno,Tin,Diamantina Subterránea,RIG-DD-024,Noche (12h),1135,8.1,20.28,86.8,11.4,0.6,233,1128,71.0,33.4,Sin Parada / Operación Continua,1825.67,2698.43,872.76,Ninguno,Baja Eficiencia / Roca Dura
EXP-0083,2023-03-24,Compañía Minera Antamina,Antamina,Áncash,Copper-Zinc,Diamantina Superficial,RIG-DD-034,Noche (12h),1622,8.4,27.35,88.7,10.2,1.8,191,457,61.5,58.3,Falla Mecánica,1961.16,2420.35,459.19,Incidente Menor,Baja Eficiencia / Roca Dura
EXP-0084,2023-03-25,Marcobre S.A.C.,Mina Justa,Ica,Copper,Diamantina Superficial,RIG-DD-030,Noche (12h),305,7.7,35.92,92.0,11.4,0.6,371,818,89.7,48.8,Sin Parada / Operación Continua,2219.12,3123.22,904.1,Ninguno,Operación Normal
EXP-0085,2023-03-26,Minera Chinalco Perú,Toromocho,Junín,Copper,Diamantina Superficial,RIG-DD-082,Día (12h),1494,5.0,45.43,93.2,11.4,0.6,185,494,91.6,54.8,Sin Parada / Operación Continua,2539.79,3662.23,1122.44,Ninguno,Operación Normal
EXP-0086,2023-03-27,Gold Fields La Cima,Cerro Corona,Cajamarca,Gold-Copper,Diamantina Superficial,RIG-DD-019,Día (12h),1030,8.3,8.09,87.8,11.1,0.9,323,793,63.4,28.6,Sin Parada / Operación Continua,704.37,874.11,169.74,Ninguno,Baja Eficiencia / Roca Dura
EXP-0087,2023-03-28,Minera Chinalco Perú,Toromocho,Junín,Copper,Diamantina Subterránea,RIG-DD-031,Día (12h),1726,6.6,30.63,90.5,8.6,3.4,440,824,55.7,43.4,Falla Mecánica,2915.9,3545.89,629.99,Incidente Menor,Operación Normal
EXP-0088,2023-03-29,Gold Fields La Cima,Cerro Corona,Cajamarca,Gold-Copper,Diamantina Superficial,RIG-DD-060,Día (12h),878,8.2,14.03,80.3,10.8,1.2,252,1068,93.8,27.8,Espera Geología,1439.02,1818.85,379.83,Ninguno,Baja Eficiencia / Roca Dura
EXP-0089,2023-03-30,Compañía Minera Coimolache,Tantahuatay,Cajamarca,Gold-Copper,Diamantina Subterránea,RIG-DD-060,Noche (12h),1748,6.9,13.96,85.8,10.0,2.0,353,476,57.0,38.3,Falla Mecánica,1447.12,1892.65,445.53,Ninguno,Operación Normal
EXP-0090,2023-03-31,Nexa Resources Perú,El Porvenir / Atacocha,Pasco,Zinc-Lead,Diamantina Superficial,RIG-DD-019,Noche (12h),1048,5.0,40.99,95.3,11.1,0.9,411,642,99.0,47.8,Sin Parada / Operación Continua,2360.44,3703.76,1343.32,Casi Accidente,Operación Normal
EXP-0091,2023-04-01,Compañía Minera Antamina,Antamina,Áncash,Copper-Zinc,Diamantina Subterránea,RIG-DD-049,Noche (12h),1255,5.4,41.23,94.8,11.4,0.6,449,806,92.7,49.6,Sin Parada / Operación Continua,2868.23,4574.03,1705.8,Ninguno,Operación Normal
EXP-0092,2023-04-02,Minera Chinalco Perú,Toromocho,Junín,Copper,Circulación Reversa,RIG-RC-014,Noche (12h),592,6.3,59.45,92.9,6.4,5.6,401,511,46.3,80.0,Espera Geología,4081.45,4816.44,734.99,Ninguno,Mantenimiento / Parada
EXP-0093,2023-04-03,Minera Chinalco Perú,Toromocho,Junín,Copper,Diamantina Subterránea,RIG-DD-083,Noche (12h),239,7.5,18.83,87.5,10.3,1.7,231,511,70.9,43.0,Mantenimiento Preventivo,1725.21,2015.99,290.78,Ninguno,Baja Eficiencia / Roca Dura
EXP-0094,2023-04-04,Compañía Minera Coimolache,Tantahuatay,Cajamarca,Gold-Copper,Diamantina Superficial,RIG-DD-022,Día (12h),859,5.1,33.98,86.8,7.1,4.9,295,871,39.6,40.3,Cambio de Broca,2407.97,2749.62,341.65,Casi Accidente,Mantenimiento / Parada
EXP-0095,2023-04-05,Marcobre S.A.C.,Mina Justa,Ica,Copper,Diamantina Superficial,RIG-DD-024,Día (12h),1441,6.4,35.37,87.1,11.6,0.4,205,1082,102.1,45.6,Sin Parada / Operación Continua,1928.47,3063.14,1134.67,Ninguno,Operación Normal
EXP-0096,2023-04-06,Minsur S.A.,San Rafael,Puno,Tin,Diamantina Superficial,RIG-DD-076,Noche (12h),1180,5.2,58.35,90.0,11.7,0.3,232,1000,71.0,65.5,Sin Parada / Operación Continua,3488.66,4721.13,1232.47,Ninguno,Operación Normal
EXP-0097,2023-04-07,Compañía Minera Coimolache,Tantahuatay,Cajamarca,Gold-Copper,Diamantina Subterránea,RIG-DD-030,Día (12h),1305,7.6,34.43,89.7,8.5,3.5,208,829,57.3,55.3,Mantenimiento Preventivo,3038.89,3508.24,469.35,Ninguno,Operación Normal
EXP-0098,2023-04-08,Volcan Compañía Minera,Chungar / Yauli,Junín,Zinc-Lead-Silver,Diamantina Superficial,RIG-DD-058,Noche (12h),1044,5.8,43.83,90.3,9.9,2.1,198,726,77.0,62.7,Espera Geología,2970.22,3594.97,624.75,Ninguno,Operación Normal
EXP-0099,2023-04-09,Minsur S.A.,San Rafael,Puno,Tin,Diamantina Superficial,RIG-DD-102,Noche (12h),400,3.9,59.2,100.0,11.6,0.4,458,1055,,53.0,Sin Parada / Operación Continua,3354.73,4714.7,1359.97,Ninguno,Alta Eficiencia
EXP-0100,2023-04-10,Compañía Minera Antamina,Antamina,Áncash,Copper-Zinc,Diamantina Subterránea,RIG-DD-031,Día (12h),646,4.3,49.54,98.8,11.4,0.6,296,880,85.4,57.8,Sin Parada / Operación Continua,4175.13,5455.23,1280.1,Ninguno,Operación Normal
EXP-0101,2023-04-11,Minsur S.A.,San Rafael,Puno,Tin,Diamantina Superficial,RIG-DD-100,Noche (12h),1651,3.8,40.16,100.0,9.1,2.9,285,564,79.5,49.3,Condición Climatológica,2269.93,3296.16,1026.23,Ninguno,Operación Normal
EXP-0102,2023-04-12,Marcobre S.A.C.,Mina Justa,Ica,Copper,Diamantina Subterránea,RIG-DD-064,Noche (12h),1261,6.0,34.04,88.3,10.9,1.1,406,1137,80.5,42.4,Condición Climatológica,2391.27,3756.39,1365.12,Ninguno,Operación Normal
EXP-0103,2023-04-13,Minsur S.A.,San Rafael,Puno,Tin,Diamantina Superficial,RIG-DD-019,Noche (12h),1434,4.0,45.25,96.5,10.0,2.0,365,570,93.0,47.9,Mantenimiento Preventivo,2603.9,3949.61,1345.71,Ninguno,Operación Normal
EXP-0104,2023-04-14,Compañía Minera Antamina,Antamina,Áncash,Copper-Zinc,Diamantina Superficial,RIG-DD-048,Noche (12h),643,4.1,53.44,93.4,11.3,0.7,440,974,100.5,48.7,Sin Parada / Operación Continua,3359.97,4534.09,1174.12,Ninguno,Alta Eficiencia
EXP-0105,2023-04-15,Marcobre S.A.C.,Mina Justa,Ica,Copper,Diamantina Subterránea,RIG-DD-045,Noche (12h),1550,8.2,29.27,87.6,11.1,0.9,195,865,75.8,46.5,Sin Parada / Operación Continua,1913.55,3040.08,1126.53,Ninguno,Baja Eficiencia / Roca Dura
EXP-0106,2023-04-16,Minera Chinalco Perú,Toromocho,Junín,Copper,Diamantina Superficial,RIG-DD-100,Día (12h),960,7.9,37.59,84.8,3.6,8.4,452,612,25.6,56.2,Condición Climatológica,3188.83,3210.53,21.7,Ninguno,Mantenimiento / Parada
EXP-0107,2023-04-17,Minera Chinalco Perú,Toromocho,Junín,Copper,Diamantina Subterránea,RIG-DD-094,Día (12h),426,5.8,39.12,95.1,11.5,0.5,339,1137,82.7,58.0,Sin Parada / Operación Continua,2722.52,3947.16,1224.64,Ninguno,Operación Normal
EXP-0108,2023-04-18,Gold Fields La Cima,Cerro Corona,Cajamarca,Gold-Copper,Diamantina Superficial,RIG-DD-055,Noche (12h),247,8.4,8.0,83.8,10.7,1.3,429,786,85.7,40.3,Espera Geología,822.16,1037.4,215.24,Ninguno,Baja Eficiencia / Roca Dura
EXP-0109,2023-04-19,Minsur S.A.,San Rafael,Puno,Tin,Diamantina Superficial,RIG-DD-055,Noche (12h),1241,3.5,57.5,90.2,8.7,3.3,403,828,57.8,53.3,Cambio de Broca,3884.12,4625.66,741.54,Ninguno,Operación Normal
EXP-0110,2023-04-20,Minera Chinalco Perú,Toromocho,Junín,Copper,Diamantina Subterránea,RIG-DD-097,Día (12h),1111,6.6,32.92,95.9,11.5,0.5,435,773,107.8,54.5,Sin Parada / Operación Continua,2310.25,3664.38,1354.13,Ninguno,Operación Normal
EXP-0111,2023-04-21,Compañía Minera Antamina,Antamina,Áncash,Copper-Zinc,Diamantina Subterránea,RIG-DD-018,Día (12h),1662,6.6,37.63,91.1,11.0,1.0,359,622,87.3,41.4,Falla Mecánica,2845.92,4190.54,1344.62,Ninguno,Operación Normal
EXP-0112,2023-04-22,Minera Barrick Misquichilca,Lagunas Norte,La Libertad,Gold,Diamantina Subterránea,RIG-DD-063,Noche (12h),386,5.8,38.45,88.2,10.3,1.7,199,513,73.1,46.5,Espera Geología,3269.74,4172.02,902.28,Ninguno,Operación Normal
EXP-0113,2023-04-23,Minera Barrick Misquichilca,Lagunas Norte,La Libertad,Gold,Diamantina Superficial,RIG-DD-092,Noche (12h),544,5.5,41.53,91.5,10.8,1.2,291,550,87.3,49.6,Espera Geología,2239.42,3575.29,1335.87,Ninguno,Operación Normal
EXP-0114,2023-04-24,Marcobre S.A.C.,Mina Justa,Ica,Copper,Diamantina Subterránea,RIG-DD-047,Noche (12h),423,5.8,33.54,,10.9,1.1,299,771,77.2,46.6,Falla Mecánica,2717.89,3618.7,900.81,Ninguno,Operación Normal
EXP-0115,2023-04-25,Minera Chinalco Perú,Toromocho,Junín,Copper,Diamantina Superficial,RIG-DD-075,Noche (12h),1029,5.6,37.7,91.8,11.2,0.8,373,515,98.2,48.7,Sin Parada / Operación Continua,2721.65,3532.52,810.87,Ninguno,Operación Normal
EXP-0116,2023-04-26,Minera Chinalco Perú,Toromocho,Junín,Copper,Diamantina Superficial,RIG-DD-057,Día (12h),687,7.2,31.51,,10.4,1.6,290,1006,80.8,49.7,Falla Mecánica,2257.49,2694.87,437.38,Casi Accidente,Baja Eficiencia / Roca Dura
EXP-0117,2023-04-27,Minera Barrick Misquichilca,Lagunas Norte,La Libertad,Gold,Circulación Reversa,RIG-RC-013,Día (12h),1076,4.2,65.33,96.5,10.2,1.8,389,1048,57.8,66.1,Cambio de Broca,4400.35,5540.28,1139.93,Ninguno,Alta Eficiencia
EXP-0118,2023-04-28,Minera Chinalco Perú,Toromocho,Junín,Copper,Diamantina Superficial,RIG-DD-033,Noche (12h),1048,4.5,46.46,94.8,10.1,1.9,180,907,62.7,57.0,Cambio de Broca,2893.0,4138.99,1245.99,Ninguno,Operación Normal
EXP-0119,2023-04-29,Minsur S.A.,San Rafael,Puno,Tin,Pozos de Agua,RIG-RC-017,Día (12h),1452,4.4,55.3,94.2,11.9,0.1,237,1028,106.6,62.7,Sin Parada / Operación Continua,3218.77,4599.02,1380.25,Ninguno,Alta Eficiencia
EXP-0120,2023-04-30,Volcan Compañía Minera,Chungar / Yauli,Junín,Zinc-Lead-Silver,Diamantina Superficial,RIG-DD-070,Día (12h),1613,4.8,59.73,96.6,10.2,1.8,272,902,79.1,62.7,Cambio de Broca,3108.82,4858.13,1749.31,Ninguno,Alta Eficiencia
EXP-0121,2023-05-01,Nexa Resources Perú,El Porvenir / Atacocha,Pasco,Zinc-Lead,Diamantina Superficial,RIG-DD-004,Día (12h),1178,6.1,33.01,85.0,6.5,5.5,400,708,60.5,50.0,Condición Climatológica,2528.24,2958.07,429.83,Ninguno,Mantenimiento / Parada
EXP-0122,2023-05-02,Gold Fields La Cima,Cerro Corona,Cajamarca,Gold-Copper,Diamantina Superficial,RIG-DD-020,Noche (12h),1216,4.1,61.68,92.6,10.6,1.4,390,875,61.4,74.0,Espera Geología,3091.52,4881.93,1790.41,Ninguno,Alta Eficiencia
EXP-0123,2023-05-03,Marcobre S.A.C.,Mina Justa,Ica,Copper,Circulación Reversa,RIG-RC-016,Noche (12h),387,7.8,66.12,84.5,9.7,2.3,411,627,64.8,75.1,Falla Mecánica,3611.15,5186.56,1575.41,Ninguno,Operación Normal
EXP-0124,2023-05-04,Volcan Compañía Minera,Chungar / Yauli,Junín,Zinc-Lead-Silver,Diamantina Subterránea,RIG-DD-047,Día (12h),469,5.0,41.92,96.0,10.5,1.5,441,729,65.9,58.3,Espera Geología,3388.43,4249.36,860.93,Ninguno,Operación Normal
EXP-0125,2023-05-05,Minera Barrick Misquichilca,Lagunas Norte,La Libertad,Gold,Diamantina Subterránea,RIG-DD-091,Día (12h),509,4.3,46.13,92.2,8.5,3.5,282,793,65.6,48.4,Espera Geología,3468.86,4694.64,1225.78,Ninguno,Operación Normal
EXP-0126,2023-05-06,Minera Chinalco Perú,Toromocho,Junín,Copper,Diamantina Subterránea,RIG-DD-015,Noche (12h),1355,6.9,28.34,85.3,7.2,4.8,229,466,50.6,51.4,Cambio de Broca,2788.02,3194.81,406.79,Ninguno,Mantenimiento / Parada
EXP-0127,2023-05-07,Gold Fields La Cima,Cerro Corona,Cajamarca,Gold-Copper,Diamantina Subterránea,RIG-DD-070,Noche (12h),1774,3.7,54.74,97.2,11.6,0.4,289,745,71.1,54.0,Sin Parada / Operación Continua,3987.91,5909.78,1921.87,Ninguno,Alta Eficiencia
EXP-0128,2023-05-08,Minera Chinalco Perú,Toromocho,Junín,Copper,Diamantina Subterránea,RIG-DD-047,Día (12h),1295,6.6,40.93,87.1,11.0,1.0,267,651,88.8,57.7,Cambio de Broca,2961.47,4229.74,1268.27,Ninguno,Operación Normal
EXP-0129,2023-05-09,Compañía Minera Antamina,Antamina,Áncash,Copper-Zinc,Diamantina Superficial,RIG-DD-078,Día (12h),1044,7.0,22.81,87.9,11.1,0.9,199,1133,84.9,40.9,Sin Parada / Operación Continua,2021.0,2471.85,450.85,Ninguno,Baja Eficiencia / Roca Dura
EXP-0130,2023-05-10,Compañía Minera Antamina,Antamina,Áncash,Copper-Zinc,Diamantina Superficial,RIG-DD-075,Día (12h),1410,4.6,60.5,,11.1,0.9,193,643,73.2,55.3,Sin Parada / Operación Continua,3502.6,5310.44,1807.84,Ninguno,Alta Eficiencia
EXP-0131,2023-05-11,Gold Fields La Cima,Cerro Corona,Cajamarca,Gold-Copper,Diamantina Superficial,RIG-DD-103,Noche (12h),685,3.7,48.99,98.0,11.8,0.2,312,598,87.5,61.5,Sin Parada / Operación Continua,3163.03,4449.59,1286.56,Ninguno,Operación Normal
EXP-0132,2023-05-12,Gold Fields La Cima,Cerro Corona,Cajamarca,Gold-Copper,Pozos de Agua,RIG-RC-009,Día (12h),1414,5.3,32.48,91.8,9.0,3.0,475,824,76.3,38.5,Espera Geología,2444.03,3138.54,694.51,Incidente Menor,Operación Normal
EXP-0133,2023-05-13,Minera Barrick Misquichilca,Lagunas Norte,La Libertad,Gold,Circulación Reversa,RIG-RC-016,Día (12h),1645,4.0,87.19,94.6,11.9,0.1,213,484,75.2,78.3,Sin Parada / Operación Continua,4132.46,6957.55,2825.09,Ninguno,Alta Eficiencia
EXP-0134,2023-05-14,Gold Fields La Cima,Cerro Corona,Cajamarca,Gold-Copper,Diamantina Superficial,RIG-DD-069,Noche (12h),319,4.1,62.04,97.5,10.6,1.4,387,818,70.7,60.8,Cambio de Broca,3487.25,4896.61,1409.36,Ninguno,Alta Eficiencia
EXP-0135,2023-05-15,Minsur S.A.,San Rafael,Puno,Tin,Diamantina Subterránea,RIG-DD-061,Noche (12h),419,4.8,48.03,95.4,10.0,2.0,378,478,68.8,67.1,Condición Climatológica,4030.68,5104.14,1073.46,Ninguno,Operación Normal
EXP-0136,2023-05-16,Minera Chinalco Perú,Toromocho,Junín,Copper,Circulación Reversa,RIG-RC-010,Día (12h),252,5.0,78.48,93.2,11.6,0.4,259,670,98.4,74.1,Sin Parada / Operación Continua,3899.12,6421.21,2522.09,Ninguno,Alta Eficiencia
EXP-0137,2023-05-17,Volcan Compañía Minera,Chungar / Yauli,Junín,Zinc-Lead-Silver,Diamantina Superficial,RIG-DD-050,Noche (12h),1674,6.1,51.83,91.1,7.7,4.3,250,502,68.4,62.4,Falla Mecánica,3246.39,4597.24,1350.85,Ninguno,Operación Normal
EXP-0138,2023-05-18,Compañía Minera Coimolache,Tantahuatay,Cajamarca,Gold-Copper,Diamantina Subterránea,RIG-DD-003,Día (12h),1635,6.9,39.76,84.8,8.7,3.3,334,802,60.9,48.2,Espera Geología,3189.94,4574.79,1384.85,Ninguno,Operación Normal
EXP-0139,2023-05-19,Gold Fields La Cima,Cerro Corona,Cajamarca,Gold-Copper,Circulación Reversa,RIG-RC-013,Noche (12h),1460,6.5,63.25,84.9,10.9,1.1,257,841,72.9,67.4,Falla Mecánica,3978.62,5248.64,1270.02,Ninguno,Operación Normal
EXP-0140,2023-05-20,Marcobre S.A.C.,Mina Justa,Ica,Copper,Diamantina Superficial,RIG-DD-094,Día (12h),957,4.2,47.95,94.1,11.0,1.0,257,525,99.6,44.6,Condición Climatológica,3021.64,4003.37,981.73,Ninguno,Operación Normal
EXP-0141,2023-05-21,Compañía Minera Antamina,Antamina,Áncash,Copper-Zinc,Diamantina Subterránea,RIG-DD-070,Noche (12h),937,4.4,58.56,92.3,11.5,0.5,351,943,109.2,63.6,Sin Parada / Operación Continua,4131.22,5874.74,1743.52,Ninguno,Alta Eficiencia
EXP-0142,2023-05-22,Minsur S.A.,San Rafael,Puno,Tin,Diamantina Superficial,RIG-DD-081,Día (12h),919,7.9,28.43,89.0,9.6,2.4,468,1137,78.5,46.6,Cambio de Broca,1861.05,2335.13,474.08,Ninguno,Baja Eficiencia / Roca Dura
EXP-0143,2023-05-23,Compañía Minera Coimolache,Tantahuatay,Cajamarca,Gold-Copper,Circulación Reversa,RIG-RC-013,Noche (12h),605,6.3,67.95,91.0,11.7,0.3,212,971,110.7,69.9,Sin Parada / Operación Continua,4280.23,5601.72,1321.49,Ninguno,Operación Normal
EXP-0144,2023-05-24,Volcan Compañía Minera,Chungar / Yauli,Junín,Zinc-Lead-Silver,Pozos de Agua,RIG-RC-019,Noche (12h),807,7.8,19.98,85.1,9.9,2.1,479,566,80.6,44.4,Mantenimiento Preventivo,1742.01,2031.81,289.8,Ninguno,Baja Eficiencia / Roca Dura
EXP-0145,2023-05-25,Compañía Minera Coimolache,Tantahuatay,Cajamarca,Gold-Copper,Circulación Reversa,RIG-RC-019,Noche (12h),1220,5.4,71.19,92.7,8.7,3.3,455,729,73.4,80.4,Condición Climatológica,4875.73,6034.21,1158.48,Ninguno,Alta Eficiencia
EXP-0146,2023-05-26,Gold Fields La Cima,Cerro Corona,Cajamarca,Gold-Copper,Diamantina Superficial,RIG-DD-042,Noche (12h),621,6.6,31.02,88.5,11.5,0.5,186,624,81.1,47.7,Sin Parada / Operación Continua,2161.15,2829.25,668.1,Ninguno,Operación Normal
EXP-0147,2023-05-27,Minera Barrick Misquichilca,Lagunas Norte,La Libertad,Gold,Circulación Reversa,RIG-RC-003,Noche (12h),911,6.1,63.72,97.0,8.4,3.6,339,744,60.7,77.3,Mantenimiento Preventivo,4349.45,5528.88,1179.43,Ninguno,Alta Eficiencia
EXP-0148,2023-05-28,Compañía Minera Antamina,Antamina,Áncash,Copper-Zinc,Diamantina Subterránea,RIG-DD-046,Día (12h),446,5.1,39.39,94.0,11.9,0.1,419,900,72.3,46.4,Sin Parada / Operación Continua,2912.59,4318.9,1406.31,Ninguno,Operación Normal
EXP-0149,2023-05-29,Compañía Minera Antamina,Antamina,Áncash,Copper-Zinc,Diamantina Superficial,RIG-DD-026,Día (12h),271,5.8,40.72,86.7,7.6,4.4,203,967,66.8,52.9,Falla Mecánica,3357.68,3758.2,400.52,Ninguno,Operación Normal
EXP-0150,2023-05-30,Minera Barrick Misquichilca,Lagunas Norte,La Libertad,Gold,Diamantina Subterránea,RIG-DD-069,Noche (12h),384,6.0,31.83,96.5,11.8,0.2,393,470,108.8,42.8,Sin Parada / Operación Continua,2558.98,3312.83,753.85,Ninguno,Operación Normal
EXP-0151,2023-05-31,Minera Chinalco Perú,Toromocho,Junín,Copper,Diamantina Superficial,RIG-DD-093,Día (12h),205,4.5,50.42,92.1,10.1,1.9,249,522,80.7,48.0,Espera Geología,2856.33,4494.7,1638.37,Ninguno,Operación Normal
EXP-0152,2023-06-01,Nexa Resources Perú,El Porvenir / Atacocha,Pasco,Zinc-Lead,Diamantina Subterránea,RIG-DD-064,Noche (12h),1429,5.1,27.4,89.9,11.5,0.5,395,485,79.1,39.2,Sin Parada / Operación Continua,1953.77,3208.09,1254.32,Ninguno,Operación Normal
EXP-0153,2023-06-02,Minsur S.A.,San Rafael,Puno,Tin,Diamantina Superficial,RIG-DD-037,Noche (12h),1767,7.5,20.2,94.4,8.7,3.3,283,956,53.2,40.1,Cambio de Broca,1798.38,1817.14,18.76,Ninguno,Baja Eficiencia / Roca Dura
EXP-0154,2023-06-03,Compañía Minera Antamina,Antamina,Áncash,Copper-Zinc,Diamantina Superficial,RIG-DD-084,Día (12h),1105,8.1,28.99,87.8,10.7,1.3,394,682,70.2,48.3,Condición Climatológica,1737.03,2488.11,751.08,Ninguno,Baja Eficiencia / Roca Dura
EXP-0155,2023-06-04,Marcobre S.A.C.,Mina Justa,Ica,Copper,Diamantina Superficial,RIG-DD-049,Noche (12h),586,5.3,35.4,94.5,11.7,0.3,233,946,76.3,47.3,Sin Parada / Operación Continua,2610.12,3410.9,800.78,Ninguno,Operación Normal
EXP-0156,2023-06-05,Compañía Minera Antamina,Antamina,Áncash,Copper-Zinc,Diamantina Subterránea,RIG-DD-021,Día (12h),898,5.0,49.74,95.2,10.5,1.5,473,655,83.5,63.5,Cambio de Broca,3432.38,4944.63,1512.25,Ninguno,Operación Normal
EXP-0157,2023-06-06,Compañía Minera Coimolache,Tantahuatay,Cajamarca,Gold-Copper,Diamantina Superficial,RIG-DD-074,Noche (12h),1299,4.5,42.46,93.4,11.1,0.9,382,875,103.0,47.9,Sin Parada / Operación Continua,2319.2,3662.02,1342.82,Ninguno,Operación Normal
EXP-0158,2023-06-07,Compañía Minera Antamina,Antamina,Áncash,Copper-Zinc,Diamantina Subterránea,RIG-DD-064,Día (12h),1400,6.9,36.01,87.5,10.1,1.9,467,493,57.5,45.9,Mantenimiento Preventivo,2498.53,3809.04,1310.51,Ninguno,Operación Normal
EXP-0159,2023-06-08,Compañía Minera Antamina,Antamina,Áncash,Copper-Zinc,Diamantina Superficial,RIG-DD-005,Día (12h),1026,5.1,41.82,91.6,8.2,3.8,224,540,45.1,48.9,Mantenimiento Preventivo,2739.55,3735.55,996.0,Ninguno,Operación Normal
EXP-0160,2023-06-09,Nexa Resources Perú,El Porvenir / Atacocha,Pasco,Zinc-Lead,Diamantina Superficial,RIG-DD-100,Noche (12h),548,8.4,15.11,91.0,11.1,0.9,377,919,87.7,37.1,Sin Parada / Operación Continua,1265.29,1837.03,571.74,Ninguno,Baja Eficiencia / Roca Dura
EXP-0161,2023-06-10,Nexa Resources Perú,El Porvenir / Atacocha,Pasco,Zinc-Lead,Diamantina Superficial,RIG-DD-070,Noche (12h),1478,5.1,44.63,93.4,11.4,0.6,395,1054,75.7,57.4,Sin Parada / Operación Continua,2622.52,3763.48,1140.96,Ninguno,Operación Normal
EXP-0162,2023-06-11,Volcan Compañía Minera,Chungar / Yauli,Junín,Zinc-Lead-Silver,Diamantina Subterránea,RIG-DD-090,Noche (12h),507,5.5,30.25,95.9,12.0,0.0,363,916,108.3,42.2,Sin Parada / Operación Continua,2398.52,3329.89,931.37,Ninguno,Operación Normal
EXP-0163,2023-06-12,Minera Chinalco Perú,Toromocho,Junín,Copper,Diamantina Superficial,RIG-DD-004,Noche (12h),1568,6.5,40.78,89.8,10.5,1.5,206,903,71.5,47.7,Espera Geología,3170.7,3847.65,676.95,Casi Accidente,Operación Normal
EXP-0164,2023-06-13,Marcobre S.A.C.,Mina Justa,Ica,Copper,Diamantina Subterránea,RIG-DD-103,Día (12h),1350,7.5,35.43,85.7,11.1,0.9,345,1044,73.9,56.1,Sin Parada / Operación Continua,2805.4,4036.2,1230.8,Incidente Menor,Operación Normal
EXP-0165,2023-06-14,Compañía Minera Antamina,Antamina,Áncash,Copper-Zinc,Circulación Reversa,RIG-RC-007,Noche (12h),486,5.8,65.72,87.1,11.2,0.8,453,782,73.7,75.4,Sin Parada / Operación Continua,3970.39,5667.32,1696.93,Casi Accidente,Operación Normal
EXP-0166,2023-06-15,Compañía Minera Antamina,Antamina,Áncash,Copper-Zinc,Diamantina Subterránea,RIG-DD-035,Día (12h),965,5.6,44.39,93.7,11.6,0.4,282,956,70.5,54.3,Sin Parada / Operación Continua,3251.03,4680.31,1429.28,Ninguno,Operación Normal
EXP-0167,2023-06-16,Minsur S.A.,San Rafael,Puno,Tin,Diamantina Superficial,RIG-DD-001,Noche (12h),924,8.5,23.23,91.1,11.0,1.0,283,919,86.1,49.6,Mantenimiento Preventivo,1552.66,2082.7,530.04,Ninguno,Baja Eficiencia / Roca Dura
EXP-0168,2023-06-17,Nexa Resources Perú,El Porvenir / Atacocha,Pasco,Zinc-Lead,Diamantina Superficial,RIG-DD-024,Noche (12h),961,3.6,55.47,93.1,4.5,7.5,424,470,27.8,62.6,Espera Geología,4049.36,4607.37,558.01,Ninguno,Mantenimiento / Parada
EXP-0169,2023-06-18,Marcobre S.A.C.,Mina Justa,Ica,Copper,Circulación Reversa,RIG-RC-004,Noche (12h),1710,8.0,42.13,88.5,11.4,0.6,348,677,82.1,57.2,Sin Parada / Operación Continua,2276.51,3789.41,1512.9,Ninguno,Operación Normal
EXP-0170,2023-06-19,Volcan Compañía Minera,Chungar / Yauli,Junín,Zinc-Lead-Silver,Diamantina Superficial,RIG-DD-070,Noche (12h),582,4.2,64.15,90.5,10.4,1.6,295,825,76.4,61.6,Condición Climatológica,3138.36,5076.91,1938.55,Ninguno,Operación Normal
EXP-0171,2023-06-20,Minera Chinalco Perú,Toromocho,Junín,Copper,Circulación Reversa,RIG-RC-009,Día (12h),1629,7.4,52.66,86.5,9.3,2.7,320,579,51.9,66.0,Espera Geología,2909.06,4311.78,1402.72,Ninguno,Operación Normal
EXP-0172,2023-06-21,Minera Barrick Misquichilca,Lagunas Norte,La Libertad,Gold,Diamantina Superficial,RIG-DD-054,Noche (12h),587,6.6,27.33,90.6,9.5,2.5,304,1136,52.9,45.3,Mantenimiento Preventivo,1667.35,2277.73,610.38,Ninguno,Operación Normal
EXP-0173,2023-06-22,Minera Chinalco Perú,Toromocho,Junín,Copper,Circulación Reversa,RIG-RC-014,Día (12h),724,5.2,86.51,87.4,11.3,0.7,204,1069,85.7,87.2,Sin Parada / Operación Continua,5093.12,6947.66,1854.54,Ninguno,Operación Normal
EXP-0174,2023-06-23,Compañía Minera Coimolache,Tantahuatay,Cajamarca,Gold-Copper,Diamantina Subterránea,RIG-DD-060,Noche (12h),1780,7.9,26.68,87.1,10.3,1.7,373,863,85.3,41.0,Falla Mecánica,2210.44,3231.07,1020.63,Ninguno,Baja Eficiencia / Roca Dura
EXP-0175,2023-06-24,Compañía Minera Antamina,Antamina,Áncash,Copper-Zinc,Pozos de Agua,RIG-RC-012,Día (12h),838,3.6,58.26,93.3,8.3,3.7,279,520,76.9,60.2,Espera Geología,3923.22,4584.3,661.08,Ninguno,Alta Eficiencia
EXP-0176,2023-06-25,Volcan Compañía Minera,Chungar / Yauli,Junín,Zinc-Lead-Silver,Diamantina Superficial,RIG-DD-060,Noche (12h),1137,4.6,40.43,95.6,12.0,0.0,184,853,74.6,37.3,Sin Parada / Operación Continua,2785.27,3637.44,852.17,Ninguno,Operación Normal
EXP-0177,2023-06-26,Compañía Minera Coimolache,Tantahuatay,Cajamarca,Gold-Copper,Diamantina Subterránea,RIG-DD-057,Noche (12h),475,6.3,41.02,89.9,11.0,1.0,198,1011,65.0,51.5,Cambio de Broca,3729.54,4656.4,926.86,Ninguno,Operación Normal
EXP-0178,2023-06-27,Marcobre S.A.C.,Mina Justa,Ica,Copper,Diamantina Superficial,RIG-DD-031,Día (12h),699,5.3,65.77,95.2,11.5,0.5,349,1056,65.6,75.0,Sin Parada / Operación Continua,4110.16,5274.91,1164.75,Ninguno,Alta Eficiencia
EXP-0179,2023-06-28,Minera Barrick Misquichilca,Lagunas Norte,La Libertad,Gold,Diamantina Superficial,RIG-DD-084,Día (12h),916,6.6,39.24,89.0,11.1,0.9,453,846,80.4,57.0,Sin Parada / Operación Continua,2365.86,3559.18,1193.32,Ninguno,Operación Normal
EXP-0180,2023-06-29,Nexa Resources Perú,El Porvenir / Atacocha,Pasco,Zinc-Lead,Diamantina Subterránea,RIG-DD-024,Noche (12h),536,3.6,60.17,91.7,11.0,1.0,433,786,87.9,42.1,Falla Mecánica,4553.54,6501.21,1947.67,Ninguno,Operación Normal
EXP-0181,2023-06-30,Volcan Compañía Minera,Chungar / Yauli,Junín,Zinc-Lead-Silver,Circulación Reversa,RIG-RC-004,Día (12h),1131,4.1,87.97,90.3,9.5,2.5,300,1093,84.2,84.6,Espera Geología,4836.37,7375.12,2538.75,Ninguno,Operación Normal
EXP-0182,2023-07-01,Volcan Compañía Minera,Chungar / Yauli,Junín,Zinc-Lead-Silver,Pozos de Agua,RIG-RC-012,Día (12h),680,4.1,49.58,89.1,11.8,0.2,211,954,97.1,56.6,Sin Parada / Operación Continua,3033.04,4059.46,1026.42,Incidente Menor,Operación Normal
EXP-0183,2023-07-02,  Compañía Minera Antamina  ,Antamina,Áncash,Copper-Zinc,Diamantina Subterránea,RIG-DD-030,Día (12h),1110,4.4,47.1,96.1,10.7,1.3,328,725,67.8,46.6,Cambio de Broca,3743.42,4734.7,991.28,Ninguno,Operación Normal
EXP-0184,2023-07-03,Gold Fields La Cima,Cerro Corona,Cajamarca,Gold-Copper,Diamantina Superficial,RIG-DD-086,Día (12h),1496,5.8,35.8,99.1,10.5,1.5,445,462,77.1,45.4,Falla Mecánica,2411.24,2973.97,562.73,Ninguno,Operación Normal
EXP-0185,2023-07-04,Volcan Compañía Minera,Chungar / Yauli,Junín,Zinc-Lead-Silver,Diamantina Superficial,RIG-DD-092,Noche (12h),1281,7.3,22.0,89.7,10.8,1.2,216,452,98.7,46.3,Espera Geología,1658.16,2271.22,613.06,Casi Accidente,Baja Eficiencia / Roca Dura
EXP-0186,2023-07-05,Minsur S.A.,San Rafael,Puno,Tin,Diamantina Subterránea,RIG-DD-007,Noche (12h),1551,8.0,18.18,92.0,9.6,2.4,356,673,65.3,36.7,Condición Climatológica,2016.77,2362.56,345.79,Ninguno,Baja Eficiencia / Roca Dura
EXP-0187,2023-07-06,Minera Barrick Misquichilca,Lagunas Norte,La Libertad,Gold,Diamantina Superficial,RIG-DD-035,Día (12h),308,7.7,20.54,91.0,11.1,0.9,192,624,83.2,48.2,Sin Parada / Operación Continua,1393.99,2145.04,751.05,Ninguno,Baja Eficiencia / Roca Dura
EXP-0188,2023-07-07,Minera Barrick Misquichilca,Lagunas Norte,La Libertad,Gold,Diamantina Superficial,RIG-DD-055,Día (12h),1502,4.5,47.04,,6.8,5.2,362,834,63.5,49.0,Cambio de Broca,2934.83,3929.65,994.82,Ninguno,Mantenimiento / Parada
EXP-0189,2023-07-08,Minsur S.A.,San Rafael,Puno,Tin,Diamantina Superficial,RIG-DD-092,Día (12h),527,5.7,37.22,95.4,10.8,1.2,324,1051,91.1,55.2,Condición Climatológica,2404.16,3093.37,689.21,Ninguno,Operación Normal
EXP-0190,2023-07-09,Minsur S.A.,San Rafael,Puno,Tin,Diamantina Superficial,RIG-DD-014,Día (12h),514,4.5,50.94,92.6,10.5,1.5,444,690,89.2,56.1,Mantenimiento Preventivo,3085.67,4368.96,1283.29,Ninguno,Operación Normal
EXP-0191,2023-07-10,Minsur S.A.,San Rafael,Puno,Tin,Diamantina Superficial,RIG-DD-010,Día (12h),1697,4.8,47.23,92.0,8.9,3.1,267,996,57.9,49.4,Espera Geología,3513.73,4032.46,518.73,Ninguno,Operación Normal
EXP-0192,2023-07-11,Minera Barrick Misquichilca,Lagunas Norte,La Libertad,Gold,Diamantina Superficial,RIG-DD-080,Día (12h),1334,6.0,38.34,90.4,11.4,0.6,225,463,81.6,57.0,Sin Parada / Operación Continua,2177.75,3512.8,1335.05,Ninguno,Operación Normal
EXP-0193,2023-07-12,Minera Chinalco Perú,Toromocho,Junín,Copper,Diamantina Superficial,RIG-DD-016,Día (12h),898,3.8,66.78,94.9,11.9,0.1,298,644,69.4,61.0,Sin Parada / Operación Continua,4123.15,5473.32,1350.17,Ninguno,Alta Eficiencia
EXP-0194,2023-07-13,Minera Barrick Misquichilca,Lagunas Norte,La Libertad,Gold,Diamantina Superficial,RIG-DD-054,Noche (12h),980,4.6,48.81,95.8,9.8,2.2,198,846,77.7,50.5,Espera Geología,3011.2,4063.93,1052.73,Ninguno,Operación Normal
EXP-0195,2023-07-14,Gold Fields La Cima,Cerro Corona,Cajamarca,Gold-Copper,Pozos de Agua,RIG-RC-010,Día (12h),1452,8.2,37.09,84.6,10.8,1.2,399,880,63.9,58.0,Cambio de Broca,2497.95,3157.84,659.89,Ninguno,Operación Normal
EXP-0196,2023-07-15,Compañía Minera Antamina,Antamina,Áncash,Copper-Zinc,Diamantina Superficial,RIG-DD-089,Noche (12h),1720,5.8,41.42,94.1,7.9,4.1,412,755,69.9,52.3,Espera Geología,3044.46,3433.38,388.92,Ninguno,Operación Normal
EXP-0197,2023-07-16,Compañía Minera Coimolache,Tantahuatay,Cajamarca,Gold-Copper,Diamantina Superficial,RIG-DD-077,Noche (12h),355,5.7,35.82,94.2,4.7,7.3,273,783,41.2,48.3,Mantenimiento Preventivo,3200.66,3045.95,-154.71,Casi Accidente,Mantenimiento / Parada
EXP-0198,2023-07-17,Minera Chinalco Perú,Toromocho,Junín,Copper,Diamantina Subterránea,RIG-DD-070,Noche (12h),1696,3.6,67.0,,11.1,0.9,430,859,84.7,64.8,Sin Parada / Operación Continua,4343.17,6621.9,2278.73,Ninguno,Alta Eficiencia
EXP-0199,2023-07-18,Nexa Resources Perú,El Porvenir / Atacocha,Pasco,Zinc-Lead,Diamantina Superficial,RIG-DD-044,Noche (12h),1495,4.7,46.76,99.4,11.0,1.0,429,452,66.7,47.1,Espera Geología,3134.48,3915.11,780.63,Ninguno,Operación Normal
EXP-0200,2023-07-19,Compañía Minera Coimolache,Tantahuatay,Cajamarca,Gold-Copper,Circulación Reversa,RIG-RC-009,Noche (12h),1086,7.8,33.45,91.3,11.1,0.9,461,1140,62.2,48.0,,1774.63,2730.69,956.06,Ninguno,Operación Normal
EXP-0201,2023-07-20,Compañía Minera Antamina,Antamina,Áncash,Copper-Zinc,Diamantina Subterránea,RIG-DD-045,Noche (12h),1225,4.3,50.57,97.6,11.3,0.7,411,1001,98.2,61.6,Sin Parada / Operación Continua,3135.15,5116.0,1980.85,Ninguno,Operación Normal
EXP-0202,2023-07-21,Gold Fields La Cima,Cerro Corona,Cajamarca,Gold-Copper,Diamantina Superficial,RIG-DD-100,Noche (12h),957,5.6,38.21,92.0,9.3,2.7,225,901,73.5,42.0,Falla Mecánica,2665.33,3513.81,848.48,Ninguno,Operación Normal
EXP-0203,2023-07-22,Gold Fields La Cima,Cerro Corona,Cajamarca,Gold-Copper,Diamantina Superficial,RIG-DD-056,Noche (12h),921,3.6,69.05,96.9,9.4,2.6,225,1125,78.4,76.6,Condición Climatológica,4468.36,5574.03,1105.67,Ninguno,Alta Eficiencia
EXP-0204,2023-07-23,Nexa Resources Perú,El Porvenir / Atacocha,Pasco,Zinc-Lead,Circulación Reversa,RIG-RC-011,Noche (12h),1734,5.9,60.62,92.8,10.8,1.2,193,944,72.5,69.8,Mantenimiento Preventivo,3616.9,5147.44,1530.54,Ninguno,Alta Eficiencia
EXP-0205,2023-07-24,Minera Chinalco Perú,Toromocho,Junín,Copper,Circulación Reversa,RIG-RC-020,Noche (12h),1112,3.6,83.54,95.8,11.9,0.1,264,866,89.7,77.4,Sin Parada / Operación Continua,5155.16,6895.63,1740.47,Ninguno,Alta Eficiencia
EXP-0206,2023-07-25,Minsur S.A.,San Rafael,Puno,Tin,Diamantina Superficial,RIG-DD-082,Día (12h),1509,7.6,34.34,86.7,11.3,0.7,182,840,95.9,41.4,Sin Parada / Operación Continua,2351.98,3124.21,772.23,Ninguno,Operación Normal
EXP-0207,2023-07-26,Minera Chinalco Perú,Toromocho,Junín,Copper,Diamantina Subterránea,RIG-DD-057,Día (12h),1070,7.6,27.36,80.6,11.4,0.6,207,822,83.8,36.2,Sin Parada / Operación Continua,2170.5,3374.42,1203.92,Ninguno,Baja Eficiencia / Roca Dura
EXP-0208,2023-07-27,Gold Fields La Cima,Cerro Corona,Cajamarca,Gold-Copper,Diamantina Superficial,RIG-DD-021,Día (12h),212,7.4,24.43,90.4,9.0,3.0,336,1077,71.1,40.8,Mantenimiento Preventivo,1934.28,2045.11,110.83,Ninguno,Baja Eficiencia / Roca Dura
EXP-0209,2023-07-28,Minera Barrick Misquichilca,Lagunas Norte,La Libertad,Gold,Pozos de Agua,RIG-RC-004,Noche (12h),807,4.9,39.75,96.3,11.8,0.2,354,501,102.2,45.4,Sin Parada / Operación Continua,2170.23,3624.44,1454.21,Ninguno,Operación Normal
EXP-0210,2023-07-29,Compañía Minera Antamina,Antamina,Áncash,Copper-Zinc,Diamantina Superficial,RIG-DD-050,Noche (12h),697,7.7,26.21,84.1,9.1,2.9,293,825,57.9,45.5,Condición Climatológica,2430.23,2741.02,310.79,Ninguno,Baja Eficiencia / Roca Dura
EXP-0211,2023-07-30,Nexa Resources Perú,El Porvenir / Atacocha,Pasco,Zinc-Lead,Circulación Reversa,RIG-RC-001,Noche (12h),437,6.2,65.17,92.4,10.0,2.0,429,844,57.6,81.5,Condición Climatológica,3832.25,5605.11,1772.86,Ninguno,Alta Eficiencia
EXP-0212,2023-07-31,Compañía Minera Antamina,Antamina,Áncash,Copper-Zinc,Diamantina Subterránea,RIG-DD-091,Noche (12h),1317,5.4,35.66,90.4,9.6,2.4,238,591,73.2,48.6,Mantenimiento Preventivo,2796.25,3688.44,892.19,Ninguno,Operación Normal
EXP-0213,2023-08-01,Marcobre S.A.C.,Mina Justa,Ica,Copper,Diamantina Subterránea,RIG-DD-007,Día (12h),1561,6.6,26.47,88.7,11.0,1.0,382,535,63.2,41.2,Condición Climatológica,2054.1,2910.74,856.64,Ninguno,Operación Normal
EXP-0214,2023-08-02,Marcobre S.A.C.,Mina Justa,Ica,Copper,Diamantina Superficial,RIG-DD-070,Día (12h),980,3.6,49.68,99.7,10.0,2.0,418,913,85.7,58.3,Cambio de Broca,2715.57,4029.47,1313.9,Ninguno,Operación Normal
EXP-0215,2023-08-03,Minera Chinalco Perú,Toromocho,Junín,Copper,Diamantina Superficial,RIG-DD-015,Noche (12h),1394,4.2,43.46,91.6,10.3,1.7,413,495,86.3,49.6,Condición Climatológica,2693.41,3820.29,1126.88,Ninguno,Operación Normal
EXP-0216,2023-08-04,Gold Fields La Cima,Cerro Corona,Cajamarca,Gold-Copper,Diamantina Superficial,RIG-DD-082,Noche (12h),805,7.2,34.87,85.6,9.4,2.6,274,687,84.9,58.7,Falla Mecánica,2317.81,3242.56,924.75,Ninguno,Operación Normal
EXP-0217,2023-08-05,Gold Fields La Cima,Cerro Corona,Cajamarca,Gold-Copper,Diamantina Superficial,RIG-DD-032,Noche (12h),860,4.7,53.8,99.0,10.9,1.1,320,459,87.8,55.6,Falla Mecánica,2879.09,4425.24,1546.15,Ninguno,Alta Eficiencia
EXP-0218,2023-08-06,Minsur S.A.,San Rafael,Puno,Tin,Diamantina Superficial,RIG-DD-075,Día (12h),1790,6.5,40.49,89.6,10.8,1.2,292,1113,62.3,47.5,Cambio de Broca,2342.26,3560.45,1218.19,Ninguno,Operación Normal
EXP-0219,2023-08-07,Minsur S.A.,San Rafael,Puno,Tin,Diamantina Subterránea,RIG-DD-020,Noche (12h),1048,5.4,41.84,95.9,10.1,1.9,288,1022,65.8,41.1,Condición Climatológica,3338.68,4589.35,1250.67,Ninguno,Operación Normal
EXP-0220,2023-08-08,Minsur S.A.,San Rafael,Puno,Tin,Diamantina Superficial,RIG-DD-088,Noche (12h),1135,7.8,20.66,82.6,11.8,0.2,468,979,103.0,40.1,Sin Parada / Operación Continua,1504.87,2002.3,497.43,Ninguno,Baja Eficiencia / Roca Dura
EXP-0221,2023-08-09,Minera Barrick Misquichilca,Lagunas Norte,La Libertad,Gold,Diamantina Superficial,RIG-DD-015,Noche (12h),1690,8.3,16.8,81.8,11.0,1.0,276,1047,67.9,32.7,Falla Mecánica,1488.45,1972.41,483.96,Casi Accidente,Baja Eficiencia / Roca Dura
EXP-0222,2023-08-10,Compañía Minera Coimolache,Tantahuatay,Cajamarca,Gold-Copper,Pozos de Agua,RIG-RC-016,Noche (12h),827,7.9,29.97,84.5,5.6,6.4,195,1098,46.4,42.4,Espera Geología,2976.16,2910.68,-65.48,Casi Accidente,Mantenimiento / Parada
EXP-0223,2023-08-11,Volcan Compañía Minera,Chungar / Yauli,Junín,Zinc-Lead-Silver,Circulación Reversa,RIG-RC-007,Noche (12h),342,4.9,61.24,91.8,11.9,0.1,223,1089,102.6,70.9,Sin Parada / Operación Continua,3429.58,4831.8,1402.22,Ninguno,Operación Normal
EXP-0224,2023-08-12,Compañía Minera Coimolache,Tantahuatay,Cajamarca,Gold-Copper,Circulación Reversa,RIG-RC-010,Día (12h),1424,4.5,74.88,89.8,11.3,0.7,409,1065,77.1,67.3,Sin Parada / Operación Continua,4526.66,6188.68,1662.02,Casi Accidente,Operación Normal
EXP-0225,2023-08-13,Compañía Minera Antamina,Antamina,Áncash,Copper-Zinc,Pozos de Agua,RIG-RC-012,Noche (12h),1403,5.9,30.7,92.3,11.3,0.7,287,1147,76.7,43.8,Sin Parada / Operación Continua,1970.34,2643.7,673.36,Ninguno,Operación Normal
EXP-0226,2023-08-14,Compañía Minera Coimolache,Tantahuatay,Cajamarca,Gold-Copper,Diamantina Superficial,RIG-DD-014,Noche (12h),913,3.5,67.88,97.3,10.2,1.8,396,627,78.9,66.7,Condición Climatológica,3984.48,5625.51,1641.03,Ninguno,Alta Eficiencia
EXP-0227,2023-08-15,Minera Barrick Misquichilca,Lagunas Norte,La Libertad,Gold,Diamantina Superficial,RIG-DD-057,Noche (12h),1587,3.6,52.38,93.1,11.8,0.2,439,455,105.6,54.9,Sin Parada / Operación Continua,3399.87,4702.63,1302.76,Ninguno,Alta Eficiencia
EXP-0228,2023-08-16,Compañía Minera Antamina,Antamina,Áncash,Copper-Zinc,Diamantina Subterránea,RIG-DD-037,Noche (12h),678,6.3,21.51,87.9,10.2,1.8,375,756,65.2,43.7,Cambio de Broca,1861.75,2770.89,909.14,Ninguno,Operación Normal
EXP-0229,2023-08-17,Compañía Minera Coimolache,Tantahuatay,Cajamarca,Gold-Copper,Diamantina Subterránea,RIG-DD-058,Día (12h),764,6.1,37.99,88.7,11.8,0.2,274,997,109.3,45.8,Sin Parada / Operación Continua,3070.8,4051.76,980.96,Ninguno,Operación Normal
EXP-0230,2023-08-18,Minera Barrick Misquichilca,Lagunas Norte,La Libertad,Gold,Diamantina Superficial,RIG-DD-021,Día (12h),670,8.5,14.04,82.5,11.8,0.2,235,776,93.2,44.1,Sin Parada / Operación Continua,1074.32,1427.91,353.59,Ninguno,Baja Eficiencia / Roca Dura
EXP-0231,2023-08-19,Volcan Compañía Minera,Chungar / Yauli,Junín,Zinc-Lead-Silver,Diamantina Subterránea,RIG-DD-082,Noche (12h),583,4.5,44.54,85.3,9.7,2.3,211,805,91.8,41.8,,3151.96,4571.94,1419.98,Incidente Menor,Operación Normal
EXP-0232,2023-08-20,Compañía Minera Coimolache,Tantahuatay,Cajamarca,Gold-Copper,Diamantina Superficial,RIG-DD-069,Noche (12h),1125,4.8,41.32,93.1,11.3,0.7,410,844,66.2,52.1,Sin Parada / Operación Continua,2738.56,3618.51,879.95,Ninguno,Operación Normal
EXP-0233,2023-08-21,Minera Barrick Misquichilca,Lagunas Norte,La Libertad,Gold,Diamantina Superficial,RIG-DD-003,Noche (12h),616,4.1,46.6,93.5,5.2,6.8,188,749,31.2,58.5,Mantenimiento Preventivo,3008.38,3763.55,755.17,Ninguno,Mantenimiento / Parada
EXP-0234,2023-08-22,Minsur S.A.,San Rafael,Puno,Tin,Diamantina Superficial,RIG-DD-087,Día (12h),507,8.1,25.87,85.8,11.9,0.1,370,975,104.8,25.6,Sin Parada / Operación Continua,1551.81,2469.82,918.01,Ninguno,Baja Eficiencia / Roca Dura
EXP-0235,2023-08-23,Gold Fields La Cima,Cerro Corona,Cajamarca,Gold-Copper,Diamantina Subterránea,RIG-DD-090,Noche (12h),848,7.4,27.59,85.2,10.9,1.1,379,734,97.7,45.0,Mantenimiento Preventivo,1805.43,2821.85,1016.42,Ninguno,Baja Eficiencia / Roca Dura
EXP-0236,2023-08-24,Minsur S.A.,San Rafael,Puno,Tin,Diamantina Subterránea,RIG-DD-037,Noche (12h),1590,7.6,22.62,90.2,11.8,0.2,340,779,85.9,41.1,Sin Parada / Operación Continua,1895.92,2543.21,647.29,Ninguno,Baja Eficiencia / Roca Dura
EXP-0237,2023-08-25,Gold Fields La Cima,Cerro Corona,Cajamarca,Gold-Copper,Diamantina Superficial,RIG-DD-088,Noche (12h),1224,8.0,12.21,94.3,11.2,0.8,266,499,93.6,34.5,Sin Parada / Operación Continua,1008.29,1247.71,239.42,Ninguno,Baja Eficiencia / Roca Dura
EXP-0238,2023-08-26,Nexa Resources Perú,El Porvenir / Atacocha,Pasco,Zinc-Lead,Circulación Reversa,RIG-RC-017,Día (12h),1267,6.1,64.85,88.3,2.0,10.0,200,1071,17.9,80.9,Falla Mecánica,5393.79,5646.48,252.69,Ninguno,Mantenimiento / Parada
EXP-0239,2023-08-27,Nexa Resources Perú,El Porvenir / Atacocha,Pasco,Zinc-Lead,Diamantina Superficial,RIG-DD-019,Noche (12h),938,5.8,40.69,95.6,8.0,4.0,255,827,45.4,47.5,Mantenimiento Preventivo,2622.4,3688.1,1065.7,Ninguno,Operación Normal
EXP-0240,2023-08-28,Nexa Resources Perú,El Porvenir / Atacocha,Pasco,Zinc-Lead,Diamantina Superficial,RIG-DD-089,Noche (12h),1321,5.2,45.79,93.7,11.9,0.1,320,1049,92.8,47.8,Sin Parada / Operación Continua,2626.89,3844.04,1217.15,Ninguno,Operación Normal
EXP-0241,2023-08-29,Volcan Compañía Minera,Chungar / Yauli,Junín,Zinc-Lead-Silver,Circulación Reversa,RIG-RC-012,Día (12h),1488,6.4,65.09,90.3,10.5,1.5,305,987,93.6,73.8,Cambio de Broca,3883.94,5137.46,1253.52,Ninguno,Operación Normal
EXP-0242,2023-08-30,Minsur S.A.,San Rafael,Puno,Tin,Pozos de Agua,RIG-RC-009,Noche (12h),339,5.8,31.22,90.4,10.1,1.9,430,593,71.6,49.0,Falla Mecánica,1970.54,2851.58,881.04,Incidente Menor,Operación Normal
EXP-0243,2023-08-31,Gold Fields La Cima,Cerro Corona,Cajamarca,Gold-Copper,Circulación Reversa,RIG-RC-001,Noche (12h),1704,5.8,49.37,91.2,11.6,0.4,263,509,77.8,61.3,Sin Parada / Operación Continua,2909.71,4030.82,1121.11,Ninguno,Operación Normal
EXP-0244,2023-09-01,Minera Barrick Misquichilca,Lagunas Norte,La Libertad,Gold,Diamantina Subterránea,RIG-DD-050,Noche (12h),1460,8.2,33.8,90.0,11.7,0.3,227,524,101.6,52.9,Sin Parada / Operación Continua,2263.85,3732.86,1469.01,Ninguno,Operación Normal
EXP-0245,2023-09-02,Compañía Minera Antamina,Antamina,Áncash,Copper-Zinc,Diamantina Subterránea,RIG-DD-068,Día (12h),1173,8.4,8.0,82.8,7.8,4.2,257,452,53.4,30.7,Cambio de Broca,1404.5,1461.22,56.72,Ninguno,Baja Eficiencia / Roca Dura
EXP-0246,2023-09-03,Minera Barrick Misquichilca,Lagunas Norte,La Libertad,Gold,Diamantina Subterránea,RIG-DD-071,Día (12h),1216,7.5,9.28,87.2,5.8,6.2,209,1024,32.0,20.2,Cambio de Broca,1723.71,1451.08,-272.63,Ninguno,Mantenimiento / Parada
EXP-0247,2023-09-04,Compañía Minera Antamina,Antamina,Áncash,Copper-Zinc,Diamantina Superficial,RIG-DD-086,Día (12h),1152,7.3,27.64,92.1,3.3,8.7,464,897,30.8,47.9,Mantenimiento Preventivo,2929.71,2653.27,-276.44,Ninguno,Mantenimiento / Parada
EXP-0248,2023-09-05,Marcobre S.A.C.,Mina Justa,Ica,Copper,Diamantina Superficial,RIG-DD-033,Día (12h),1103,6.9,16.13,92.2,9.2,2.8,315,724,72.4,37.7,Mantenimiento Preventivo,1392.53,1734.37,341.84,Ninguno,Operación Normal
EXP-0249,2023-09-06,Minera Barrick Misquichilca,Lagunas Norte,La Libertad,Gold,Diamantina Superficial,RIG-DD-081,Día (12h),271,4.3,44.16,91.0,10.0,2.0,319,979,87.8,46.2,Cambio de Broca,2750.36,4068.36,1318.0,Casi Accidente,Operación Normal
EXP-0250,2023-09-07,Compañía Minera Coimolache,Tantahuatay,Cajamarca,Gold-Copper,Diamantina Superficial,RIG-DD-024,Noche (12h),1413,3.8,58.99,,11.2,0.8,220,1041,98.6,58.2,Sin Parada / Operación Continua,3314.31,5183.39,1869.08,Ninguno,Alta Eficiencia
EXP-0251,2023-09-08,Compañía Minera Coimolache,Tantahuatay,Cajamarca,Gold-Copper,Diamantina Subterránea,RIG-DD-061,Día (12h),1491,7.0,43.18,91.2,11.7,0.3,461,664,67.5,51.7,Sin Parada / Operación Continua,2929.71,4609.73,1680.02,Ninguno,Operación Normal
EXP-0252,2023-09-09,Minera Chinalco Perú,Toromocho,Junín,Copper,Diamantina Superficial,RIG-DD-061,Noche (12h),1544,7.1,31.3,90.8,11.9,0.1,229,1132,73.6,51.7,Sin Parada / Operación Continua,1719.7,2730.96,1011.26,Incidente Menor,Baja Eficiencia / Roca Dura
EXP-0253,2023-09-10,Minsur S.A.,San Rafael,Puno,Tin,Diamantina Superficial,RIG-DD-098,Noche (12h),306,3.7,51.89,98.5,9.9,2.1,437,934,66.8,52.5,Mantenimiento Preventivo,3130.31,4367.5,1237.19,Ninguno,Operación Normal
EXP-0254,2023-09-11,Compañía Minera Antamina,Antamina,Áncash,Copper-Zinc,Diamantina Superficial,RIG-DD-028,Noche (12h),1455,8.1,19.79,88.0,9.2,2.8,449,778,62.4,40.0,Mantenimiento Preventivo,1612.65,1796.18,183.53,Ninguno,Baja Eficiencia / Roca Dura
EXP-0255,2023-09-12,Compañía Minera Antamina,Antamina,Áncash,Copper-Zinc,Diamantina Subterránea,RIG-DD-058,Noche (12h),1265,4.0,38.53,96.7,8.8,3.2,313,704,71.6,47.3,Mantenimiento Preventivo,3216.09,4242.16,1026.07,Ninguno,Operación Normal
EXP-0256,2023-09-13,Minsur S.A.,San Rafael,Puno,Tin,Diamantina Superficial,RIG-DD-043,Noche (12h),1082,4.9,42.19,94.2,7.6,4.4,413,836,60.7,51.5,Condición Climatológica,3221.98,3664.31,442.33,Ninguno,Operación Normal
EXP-0257,2023-09-14,Volcan Compañía Minera,Chungar / Yauli,Junín,Zinc-Lead-Silver,Circulación Reversa,RIG-RC-009,Noche (12h),338,6.9,56.2,93.9,8.2,3.8,307,575,61.3,70.3,Cambio de Broca,3696.68,4476.98,780.3,Ninguno,Alta Eficiencia
EXP-0258,2023-09-15,  Minera Chinalco Perú  ,Toromocho,Junín,Copper,Diamantina Superficial,RIG-DD-039,Día (12h),814,4.3,51.83,93.1,2.0,10.0,283,1033,12.7,57.0,Espera Geología,3745.82,4205.84,460.02,Ninguno,Mantenimiento / Parada
EXP-0259,2023-09-16,Volcan Compañía Minera,Chungar / Yauli,Junín,Zinc-Lead-Silver,Diamantina Superficial,RIG-DD-086,Día (12h),1062,3.8,70.14,95.5,11.5,0.5,433,999,80.8,70.8,Sin Parada / Operación Continua,3450.15,5748.28,2298.13,Ninguno,Alta Eficiencia
EXP-0260,2023-09-17,Volcan Compañía Minera,Chungar / Yauli,Junín,Zinc-Lead-Silver,Diamantina Subterránea,RIG-DD-049,Noche (12h),472,5.2,27.91,89.6,9.4,2.6,274,773,72.1,39.8,Cambio de Broca,2868.91,3384.0,515.09,Ninguno,Operación Normal
EXP-0261,2023-09-18,Volcan Compañía Minera,Chungar / Yauli,Junín,Zinc-Lead-Silver,Diamantina Subterránea,RIG-DD-017,Noche (12h),1704,7.3,23.34,84.8,10.4,1.6,396,653,76.7,43.6,Falla Mecánica,1835.16,2757.13,921.97,Ninguno,Baja Eficiencia / Roca Dura
EXP-0262,2023-09-19,Minsur S.A.,San Rafael,Puno,Tin,Diamantina Superficial,RIG-DD-098,Día (12h),615,5.6,25.53,92.8,11.5,0.5,240,621,69.1,40.6,Sin Parada / Operación Continua,1598.6,2523.67,925.07,Ninguno,Operación Normal
EXP-0263,2023-09-20,Volcan Compañía Minera,Chungar / Yauli,Junín,Zinc-Lead-Silver,Diamantina Subterránea,RIG-DD-070,Noche (12h),705,6.8,26.57,,4.8,7.2,447,666,38.9,36.4,Mantenimiento Preventivo,2574.95,2927.57,352.62,Ninguno,Mantenimiento / Parada
EXP-0264,2023-09-21,Compañía Minera Coimolache,Tantahuatay,Cajamarca,Gold-Copper,Diamantina Subterránea,RIG-DD-070,Noche (12h),932,6.4,26.88,90.0,7.9,4.1,420,694,45.8,38.6,Mantenimiento Preventivo,2677.06,3096.45,419.39,Ninguno,Operación Normal
EXP-0265,2023-09-22,Nexa Resources Perú,El Porvenir / Atacocha,Pasco,Zinc-Lead,Diamantina Superficial,RIG-DD-098,Día (12h),623,3.6,44.25,100.0,11.8,0.2,192,785,82.8,46.7,Sin Parada / Operación Continua,2661.67,3787.18,1125.51,Ninguno,Operación Normal
EXP-0266,2023-09-23,Marcobre S.A.C.,Mina Justa,Ica,Copper,Circulación Reversa,RIG-RC-001,Noche (12h),1630,8.4,55.1,90.9,12.0,0.0,326,747,100.1,73.4,Sin Parada / Operación Continua,3675.44,4727.98,1052.54,Ninguno,Operación Normal
EXP-0267,2023-09-24,Compañía Minera Antamina,Antamina,Áncash,Copper-Zinc,Diamantina Subterránea,RIG-DD-074,Noche (12h),1791,3.7,57.45,100.0,9.9,2.1,419,631,55.2,67.0,Espera Geología,4560.09,5688.1,1128.01,Ninguno,Alta Eficiencia
EXP-0268,2023-09-25,  Compañía Minera Antamina  ,Antamina,Áncash,Copper-Zinc,Diamantina Subterránea,RIG-DD-085,Día (12h),589,8.3,24.97,91.3,10.3,1.7,268,783,80.1,41.6,Falla Mecánica,2103.19,2868.13,764.94,Ninguno,Baja Eficiencia / Roca Dura
EXP-0269,2023-09-26,Marcobre S.A.C.,Mina Justa,Ica,Copper,Circulación Reversa,RIG-RC-005,Noche (12h),541,6.2,61.15,97.8,7.1,4.9,274,960,48.6,74.0,,3835.93,4963.85,1127.92,Ninguno,Mantenimiento / Parada
EXP-0270,2023-09-27,Minsur S.A.,San Rafael,Puno,Tin,Circulación Reversa,RIG-RC-002,Día (12h),1145,8.3,48.03,87.7,11.5,0.5,472,832,63.7,62.1,Sin Parada / Operación Continua,2616.18,3997.96,1381.78,Incidente Menor,Operación Normal
EXP-0271,2023-09-28,Minera Barrick Misquichilca,Lagunas Norte,La Libertad,Gold,Diamantina Subterránea,RIG-DD-022,Noche (12h),813,4.1,64.96,92.1,11.8,0.2,204,648,73.9,73.3,Sin Parada / Operación Continua,4265.47,6947.75,2682.28,Ninguno,Alta Eficiencia
EXP-0272,2023-09-29,Minsur S.A.,San Rafael,Puno,Tin,Diamantina Subterránea,RIG-DD-057,Día (12h),692,6.0,36.98,88.0,11.5,0.5,451,781,106.5,58.4,Sin Parada / Operación Continua,2382.75,3822.72,1439.97,Ninguno,Operación Normal
EXP-0273,2023-09-30,Compañía Minera Antamina,Antamina,Áncash,Copper-Zinc,Diamantina Subterránea,RIG-DD-066,Día (12h),391,4.3,57.06,98.6,12.0,0.0,345,614,91.0,51.7,Sin Parada / Operación Continua,3521.97,5807.45,2285.48,Casi Accidente,Alta Eficiencia
EXP-0274,2023-10-01,Compañía Minera Antamina,Antamina,Áncash,Copper-Zinc,Diamantina Subterránea,RIG-DD-074,Noche (12h),698,3.8,49.66,95.6,11.9,0.1,429,691,112.9,51.2,Sin Parada / Operación Continua,3160.93,5223.64,2062.71,Ninguno,Operación Normal
EXP-0275,2023-10-02,Marcobre S.A.C.,Mina Justa,Ica,Copper,Diamantina Subterránea,RIG-DD-098,Noche (12h),1021,6.6,37.93,90.2,7.6,4.4,266,1091,57.8,39.7,Cambio de Broca,3242.14,4321.17,1079.03,Ninguno,Operación Normal
EXP-0276,2023-10-03,Volcan Compañía Minera,Chungar / Yauli,Junín,Zinc-Lead-Silver,Diamantina Subterránea,RIG-DD-016,Día (12h),1456,4.5,44.61,92.4,11.2,0.8,321,676,86.0,42.2,Sin Parada / Operación Continua,3102.54,4687.95,1585.41,Ninguno,Operación Normal
EXP-0277,2023-10-04,Minsur S.A.,San Rafael,Puno,Tin,Diamantina Superficial,RIG-DD-051,Día (12h),426,6.4,18.63,88.9,11.0,1.0,313,1083,77.7,26.6,Condición Climatológica,1698.28,2043.57,345.29,Ninguno,Operación Normal
EXP-0278,2023-10-05,Gold Fields La Cima,Cerro Corona,Cajamarca,Gold-Copper,Circulación Reversa,RIG-RC-007,Noche (12h),1594,4.1,82.14,,12.0,0.0,458,1005,80.9,83.9,Sin Parada / Operación Continua,4782.43,6874.32,2091.89,Ninguno,Alta Eficiencia
EXP-0279,2023-10-06,Marcobre S.A.C.,Mina Justa,Ica,Copper,Circulación Reversa,RIG-RC-012,Día (12h),338,5.2,69.64,89.4,11.4,0.6,305,900,74.2,75.8,Sin Parada / Operación Continua,4433.11,5609.01,1175.9,Ninguno,Operación Normal
EXP-0280,2023-10-07,Compañía Minera Coimolache,Tantahuatay,Cajamarca,Gold-Copper,Diamantina Superficial,RIG-DD-088,Día (12h),1055,7.4,12.8,89.0,9.1,2.9,320,645,62.6,36.9,Falla Mecánica,1261.44,1395.65,134.21,Ninguno,Baja Eficiencia / Roca Dura
EXP-0281,2023-10-08,Compañía Minera Antamina,Antamina,Áncash,Copper-Zinc,Diamantina Subterránea,RIG-DD-040,Día (12h),1016,5.7,40.93,,10.3,1.7,282,653,75.6,54.2,Espera Geología,3093.09,4302.28,1209.19,Ninguno,Operación Normal
EXP-0282,2023-10-09,Marcobre S.A.C.,Mina Justa,Ica,Copper,Diamantina Superficial,RIG-DD-038,Día (12h),1372,6.6,25.05,83.4,9.5,2.5,405,907,59.5,43.1,,1962.89,2578.46,615.57,Ninguno,Operación Normal
EXP-0283,2023-10-10,Minsur S.A.,San Rafael,Puno,Tin,Diamantina Superficial,RIG-DD-060,Noche (12h),1338,6.7,56.14,85.0,10.9,1.1,242,706,69.8,67.4,Espera Geología,2867.82,4437.11,1569.29,Ninguno,Operación Normal
EXP-0284,2023-10-11,Compañía Minera Antamina,Antamina,Áncash,Copper-Zinc,Diamantina Subterránea,RIG-DD-059,Noche (12h),1673,7.7,11.68,89.6,11.3,0.7,473,978,74.4,32.2,Sin Parada / Operación Continua,993.69,1494.65,500.96,Ninguno,Baja Eficiencia / Roca Dura
EXP-0285,2023-10-12,Minera Barrick Misquichilca,Lagunas Norte,La Libertad,Gold,Diamantina Superficial,RIG-DD-010,Día (12h),1286,5.1,34.5,96.9,10.8,1.2,433,721,78.8,49.1,Condición Climatológica,2601.12,3195.15,594.03,Ninguno,Operación Normal
EXP-0286,2023-10-13,Marcobre S.A.C.,Mina Justa,Ica,Copper,Diamantina Subterránea,RIG-DD-099,Noche (12h),303,6.9,36.76,87.7,11.3,0.7,359,458,91.7,51.4,Sin Parada / Operación Continua,3217.91,4031.47,813.56,Ninguno,Operación Normal
EXP-0287,2023-10-14,Minera Chinalco Perú,Toromocho,Junín,Copper,Diamantina Subterránea,RIG-DD-064,Día (12h),1070,8.3,17.54,80.4,8.7,3.3,219,650,77.6,42.1,Condición Climatológica,1649.39,2128.07,478.68,Ninguno,Baja Eficiencia / Roca Dura
EXP-0288,2023-10-15,Compañía Minera Antamina,Antamina,Áncash,Copper-Zinc,Diamantina Superficial,RIG-DD-063,Noche (12h),867,7.2,34.19,92.9,11.4,0.6,443,508,75.8,38.4,Sin Parada / Operación Continua,1956.03,3088.22,1132.19,Ninguno,Operación Normal
EXP-0289,2023-10-16,Minsur S.A.,San Rafael,Puno,Tin,Diamantina Superficial,RIG-DD-049,Noche (12h),472,5.9,40.84,88.8,10.1,1.9,368,842,63.0,45.9,,2475.73,3381.55,905.82,Ninguno,Operación Normal
EXP-0290,2023-10-17,Nexa Resources Perú,El Porvenir / Atacocha,Pasco,Zinc-Lead,Diamantina Superficial,RIG-DD-064,Día (12h),1229,6.7,26.74,88.5,11.7,0.3,187,1101,82.1,47.3,Sin Parada / Operación Continua,1556.9,2463.93,907.03,Ninguno,Operación Normal
EXP-0291,2023-10-18,Gold Fields La Cima,Cerro Corona,Cajamarca,Gold-Copper,Diamantina Subterránea,RIG-DD-032,Noche (12h),1370,7.2,16.37,89.6,9.9,2.1,283,568,89.9,31.9,Falla Mecánica,1594.22,2056.17,461.95,Ninguno,Baja Eficiencia / Roca Dura
EXP-0292,2023-10-19,Volcan Compañía Minera,Chungar / Yauli,Junín,Zinc-Lead-Silver,Pozos de Agua,RIG-RC-007,Noche (12h),383,6.6,40.77,87.8,7.6,4.4,404,1002,42.1,46.8,Mantenimiento Preventivo,2829.18,3798.46,969.28,Ninguno,Operación Normal
EXP-0293,2023-10-20,Minsur S.A.,San Rafael,Puno,Tin,Diamantina Subterránea,RIG-DD-021,Día (12h),1251,3.6,45.89,93.2,10.3,1.7,213,848,84.6,52.2,Espera Geología,3369.9,4716.05,1346.15,Ninguno,Operación Normal
EXP-0294,2023-10-21,Compañía Minera Coimolache,Tantahuatay,Cajamarca,Gold-Copper,Diamantina Superficial,RIG-DD-020,Día (12h),1773,4.5,53.47,91.4,10.5,1.5,415,780,77.8,58.1,,3181.03,4730.95,1549.92,Ninguno,Operación Normal
EXP-0295,2023-10-22,Compañía Minera Coimolache,Tantahuatay,Cajamarca,Gold-Copper,Diamantina Subterránea,RIG-DD-026,Día (12h),1342,7.6,31.55,93.4,6.2,5.8,407,716,38.1,47.1,Cambio de Broca,3026.83,3583.79,556.96,Ninguno,Mantenimiento / Parada
EXP-0296,2023-10-23,Nexa Resources Perú,El Porvenir / Atacocha,Pasco,Zinc-Lead,Diamantina Superficial,RIG-DD-068,Noche (12h),492,4.9,44.78,96.7,10.2,1.8,367,969,69.2,59.6,Cambio de Broca,2354.36,3570.7,1216.34,Ninguno,Operación Normal
EXP-0297,2023-10-24,Volcan Compañía Minera,Chungar / Yauli,Junín,Zinc-Lead-Silver,Diamantina Subterránea,RIG-DD-086,Noche (12h),1594,7.2,24.97,90.3,11.5,0.5,201,1144,73.6,49.1,Sin Parada / Operación Continua,2061.49,3006.93,945.44,Ninguno,Baja Eficiencia / Roca Dura
EXP-0298,2023-10-25,Minera Chinalco Perú,Toromocho,Junín,Copper,Diamantina Superficial,RIG-DD-015,Noche (12h),1467,5.4,33.93,85.6,11.4,0.6,219,929,102.7,43.5,Sin Parada / Operación Continua,2220.28,2766.08,545.8,Ninguno,Operación Normal
EXP-0299,2023-10-26,Nexa Resources Perú,El Porvenir / Atacocha,Pasco,Zinc-Lead,Diamantina Subterránea,RIG-DD-104,Noche (12h),1441,6.1,39.9,92.5,9.8,2.2,352,583,72.8,55.2,Falla Mecánica,3227.38,4588.93,1361.55,Casi Accidente,Operación Normal
EXP-0300,2023-10-27,Nexa Resources Perú,El Porvenir / Atacocha,Pasco,Zinc-Lead,Diamantina Superficial,RIG-DD-085,Noche (12h),376,3.8,30.23,97.0,9.6,2.4,358,1142,74.4,25.4,Condición Climatológica,2546.93,2990.83,443.9,Ninguno,Operación Normal
EXP-0301,2023-10-28,Compañía Minera Antamina,Antamina,Áncash,Copper-Zinc,Pozos de Agua,RIG-RC-015,Noche (12h),1522,4.4,55.53,90.4,11.3,0.7,265,804,89.0,64.9,Sin Parada / Operación Continua,3485.19,4543.16,1057.97,Ninguno,Operación Normal
EXP-0302,2023-10-29,Compañía Minera Coimolache,Tantahuatay,Cajamarca,Gold-Copper,Diamantina Superficial,RIG-DD-086,Noche (12h),257,8.3,19.56,87.2,11.2,0.8,312,1033,,35.8,Sin Parada / Operación Continua,1499.27,1821.45,322.18,Ninguno,Baja Eficiencia / Roca Dura
EXP-0303,2023-10-30,Compañía Minera Antamina,Antamina,Áncash,Copper-Zinc,Diamantina Subterránea,RIG-DD-092,Día (12h),1492,8.0,19.22,90.2,3.5,8.5,192,947,26.2,32.8,Cambio de Broca,2684.06,2254.76,-429.3,Ninguno,Mantenimiento / Parada
EXP-0304,2023-10-31,Gold Fields La Cima,Cerro Corona,Cajamarca,Gold-Copper,Circulación Reversa,RIG-RC-014,Noche (12h),507,6.8,62.54,91.1,11.8,0.2,207,1074,65.7,63.6,Sin Parada / Operación Continua,3657.78,5104.2,1446.42,Ninguno,Operación Normal
EXP-0305,2023-11-01,Volcan Compañía Minera,Chungar / Yauli,Junín,Zinc-Lead-Silver,Diamantina Superficial,RIG-DD-027,Noche (12h),1793,5.8,27.61,89.4,11.1,0.9,263,556,75.9,31.1,Sin Parada / Operación Continua,1981.9,2494.15,512.25,Ninguno,Operación Normal
EXP-0306,2023-11-02,Minera Chinalco Perú,Toromocho,Junín,Copper,Circulación Reversa,RIG-RC-009,Día (12h),1511,6.9,40.5,89.2,11.9,0.1,459,739,74.2,59.9,,2052.38,3428.47,1376.09,Ninguno,Operación Normal
EXP-0307,2023-11-03,Minera Chinalco Perú,Toromocho,Junín,Copper,Diamantina Subterránea,RIG-DD-040,Noche (12h),1176,6.6,35.95,92.0,8.9,3.1,442,1078,73.2,52.9,Cambio de Broca,3054.15,3987.93,933.78,Ninguno,Operación Normal
EXP-0308,2023-11-04,Minsur S.A.,San Rafael,Puno,Tin,Diamantina Superficial,RIG-DD-058,Día (12h),1328,6.3,45.13,90.6,11.8,0.2,345,1081,67.6,52.7,Sin Parada / Operación Continua,2889.07,3683.31,794.24,Ninguno,Operación Normal
EXP-0309,2023-11-05,Nexa Resources Perú,El Porvenir / Atacocha,Pasco,Zinc-Lead,Diamantina Superficial,RIG-DD-028,Noche (12h),1451,3.8,40.68,99.2,10.0,2.0,472,596,77.6,49.6,Mantenimiento Preventivo,2998.5,3758.59,760.09,Ninguno,Operación Normal
EXP-0310,2023-11-06,Gold Fields La Cima,Cerro Corona,Cajamarca,Gold-Copper,Diamantina Subterránea,RIG-DD-026,Noche (12h),1470,6.7,22.98,90.8,11.9,0.1,247,776,75.5,36.3,Sin Parada / Operación Continua,2229.25,2870.54,641.29,Ninguno,Operación Normal
EXP-0311,2023-11-07,Compañía Minera Coimolache,Tantahuatay,Cajamarca,Gold-Copper,Diamantina Superficial,RIG-DD-063,Día (12h),899,7.3,32.62,90.7,10.0,2.0,405,864,93.0,50.7,Mantenimiento Preventivo,2398.02,2932.39,534.37,Ninguno,Operación Normal
EXP-0312,2023-11-08,Minera Chinalco Perú,Toromocho,Junín,Copper,Diamantina Subterránea,RIG-DD-066,Día (12h),1717,8.5,19.87,88.5,8.7,3.3,349,659,59.5,39.6,Cambio de Broca,2358.4,2599.29,240.89,Ninguno,Baja Eficiencia / Roca Dura
EXP-0313,2023-11-09,Gold Fields La Cima,Cerro Corona,Cajamarca,Gold-Copper,Diamantina Superficial,RIG-DD-025,Día (12h),282,3.6,79.9,92.6,11.1,0.9,265,745,75.5,76.8,Sin Parada / Operación Continua,4681.65,6340.79,1659.14,Ninguno,Alta Eficiencia
EXP-0314,2023-11-10,Minera Barrick Misquichilca,Lagunas Norte,La Libertad,Gold,Diamantina Subterránea,RIG-DD-003,Noche (12h),1409,7.2,36.01,,10.7,1.3,312,847,98.4,47.1,Falla Mecánica,2814.62,3631.49,816.87,Ninguno,Operación Normal
EXP-0315,2023-11-11,Minera Barrick Misquichilca,Lagunas Norte,La Libertad,Gold,Diamantina Superficial,RIG-DD-072,Día (12h),451,6.4,40.48,89.2,11.1,0.9,357,552,79.6,49.1,Sin Parada / Operación Continua,2577.84,3607.52,1029.68,Ninguno,Operación Normal
EXP-0316,2023-11-12,Compañía Minera Antamina,Antamina,Áncash,Copper-Zinc,Circulación Reversa,RIG-RC-012,Noche (12h),1578,5.7,63.29,94.7,11.4,0.6,431,1085,106.6,72.6,Sin Parada / Operación Continua,4065.65,5221.5,1155.85,Ninguno,Alta Eficiencia
EXP-0317,2023-11-13,Compañía Minera Coimolache,Tantahuatay,Cajamarca,Gold-Copper,Pozos de Agua,RIG-RC-001,Día (12h),995,4.1,56.4,96.2,9.1,2.9,194,957,50.9,62.8,Mantenimiento Preventivo,3901.91,4770.3,868.39,Ninguno,Alta Eficiencia
EXP-0318,2023-11-14,Minsur S.A.,San Rafael,Puno,Tin,Pozos de Agua,RIG-RC-010,Noche (12h),1096,5.5,52.96,91.4,11.4,0.6,402,658,76.7,58.6,Sin Parada / Operación Continua,3599.94,4711.6,1111.66,Ninguno,Operación Normal
EXP-0319,2023-11-15,Minera Chinalco Perú,Toromocho,Junín,Copper,Diamantina Subterránea,RIG-DD-099,Noche (12h),409,5.3,41.28,88.6,9.7,2.3,380,877,79.2,42.7,Cambio de Broca,3637.17,4703.56,1066.39,Ninguno,Operación Normal
EXP-0320,2023-11-16,Nexa Resources Perú,El Porvenir / Atacocha,Pasco,Zinc-Lead,Diamantina Superficial,RIG-DD-006,Día (12h),1015,5.0,44.06,88.2,11.6,0.4,286,842,105.1,64.1,Sin Parada / Operación Continua,2538.07,3885.17,1347.1,Ninguno,Operación Normal
EXP-0321,2023-11-17,Nexa Resources Perú,El Porvenir / Atacocha,Pasco,Zinc-Lead,Diamantina Subterránea,RIG-DD-039,Noche (12h),808,7.2,28.53,89.5,11.5,0.5,429,558,75.0,45.6,Sin Parada / Operación Continua,2037.9,3368.78,1330.88,Ninguno,Baja Eficiencia / Roca Dura
EXP-0322,2023-11-18,Minera Chinalco Perú,Toromocho,Junín,Copper,Diamantina Superficial,RIG-DD-052,Día (12h),646,7.0,23.68,86.8,11.3,0.7,268,797,104.2,42.3,Sin Parada / Operación Continua,1638.43,2026.29,387.86,Ninguno,Baja Eficiencia / Roca Dura
EXP-0323,2023-11-19,  Volcan Compañía Minera  ,Chungar / Yauli,Junín,Zinc-Lead-Silver,Diamantina Superficial,RIG-DD-023,Noche (12h),659,6.4,35.95,92.2,10.4,1.6,304,499,81.9,42.9,Condición Climatológica,2278.57,2992.68,714.11,Ninguno,Operación Normal
EXP-0324,2023-11-20,Minsur S.A.,San Rafael,Puno,Tin,Diamantina Superficial,RIG-DD-089,Día (12h),1167,8.2,21.35,81.7,10.9,1.1,292,554,94.9,48.5,Mantenimiento Preventivo,1565.52,2241.17,675.65,Ninguno,Baja Eficiencia / Roca Dura
EXP-0325,2023-11-21,Gold Fields La Cima,Cerro Corona,Cajamarca,Gold-Copper,Diamantina Superficial,RIG-DD-050,Día (12h),671,5.2,55.24,97.4,9.5,2.5,316,869,67.3,68.5,Cambio de Broca,3106.31,4601.82,1495.51,Ninguno,Alta Eficiencia
EXP-0326,2023-11-22,Volcan Compañía Minera,Chungar / Yauli,Junín,Zinc-Lead-Silver,Diamantina Subterránea,RIG-DD-043,Día (12h),569,4.7,45.88,95.6,11.6,0.4,426,822,73.6,43.8,Sin Parada / Operación Continua,3647.87,4826.18,1178.31,Casi Accidente,Operación Normal
EXP-0327,2023-11-23,Volcan Compañía Minera,Chungar / Yauli,Junín,Zinc-Lead-Silver,Diamantina Subterránea,RIG-DD-019,Día (12h),1099,6.8,36.0,89.7,12.0,0.0,345,476,109.7,49.9,Sin Parada / Operación Continua,2843.61,3805.16,961.55,Ninguno,Operación Normal
EXP-0328,2023-11-24,Compañía Minera Antamina,Antamina,Áncash,Copper-Zinc,Diamantina Superficial,RIG-DD-069,Día (12h),1715,4.5,47.72,99.0,9.3,2.7,329,722,85.9,52.4,Espera Geología,3402.15,4143.41,741.26,Ninguno,Operación Normal
EXP-0329,2023-11-25,Minera Barrick Misquichilca,Lagunas Norte,La Libertad,Gold,Diamantina Superficial,RIG-DD-051,Noche (12h),1122,5.1,49.32,95.6,8.9,3.1,247,1098,,68.3,Mantenimiento Preventivo,3215.23,4010.1,794.87,Ninguno,Operación Normal
EXP-0330,2023-11-26,Volcan Compañía Minera,Chungar / Yauli,Junín,Zinc-Lead-Silver,Pozos de Agua,RIG-RC-011,Noche (12h),336,4.6,46.2,92.4,11.9,0.1,400,789,65.8,59.5,Sin Parada / Operación Continua,2651.69,4041.15,1389.46,Ninguno,Operación Normal
EXP-0331,2023-11-27,Volcan Compañía Minera,Chungar / Yauli,Junín,Zinc-Lead-Silver,Diamantina Superficial,RIG-DD-012,Día (12h),566,3.8,59.19,95.6,10.3,1.7,450,750,61.2,53.5,,3243.72,4743.53,1499.81,Ninguno,Alta Eficiencia
EXP-0332,2023-11-28,Marcobre S.A.C.,Mina Justa,Ica,Copper,Diamantina Superficial,RIG-DD-074,Noche (12h),1111,7.6,30.03,81.9,11.1,0.9,199,929,86.5,44.2,Sin Parada / Operación Continua,1556.78,2490.55,933.77,Ninguno,Baja Eficiencia / Roca Dura
EXP-0333,2023-11-29,Compañía Minera Antamina,Antamina,Áncash,Copper-Zinc,Diamantina Superficial,RIG-DD-008,Día (12h),383,4.8,38.07,96.6,9.2,2.8,468,993,51.5,41.7,Mantenimiento Preventivo,2765.43,3253.46,488.03,Ninguno,Operación Normal
EXP-0334,2023-11-30,Compañía Minera Coimolache,Tantahuatay,Cajamarca,Gold-Copper,Diamantina Subterránea,RIG-DD-024,Noche (12h),1510,5.9,46.62,90.3,8.3,3.7,279,1006,58.8,58.4,Mantenimiento Preventivo,3292.56,4767.58,1475.02,Ninguno,Operación Normal
EXP-0335,2023-12-01,Marcobre S.A.C.,Mina Justa,Ica,Copper,Diamantina Subterránea,RIG-DD-092,Noche (12h),671,3.7,54.07,89.7,8.6,3.4,431,714,57.7,64.0,Espera Geología,4553.13,5870.04,1316.91,Ninguno,Operación Normal
EXP-0336,2023-12-02,Marcobre S.A.C.,Mina Justa,Ica,Copper,Diamantina Superficial,RIG-DD-041,Noche (12h),1598,7.0,25.24,85.5,9.3,2.7,256,991,77.7,42.6,Falla Mecánica,1771.39,2125.97,354.58,Casi Accidente,Baja Eficiencia / Roca Dura
EXP-0337,2023-12-03,Minera Chinalco Perú,Toromocho,Junín,Copper,Diamantina Superficial,RIG-DD-036,Noche (12h),853,5.2,37.72,95.2,11.4,0.6,314,1045,65.2,49.5,Sin Parada / Operación Continua,2220.51,3134.97,914.46,Ninguno,Operación Normal
EXP-0338,2023-12-04,Minera Barrick Misquichilca,Lagunas Norte,La Libertad,Gold,Diamantina Subterránea,RIG-DD-101,Día (12h),948,7.2,29.79,93.4,9.0,3.0,352,615,67.1,43.1,Cambio de Broca,2931.0,3359.28,428.28,Ninguno,Baja Eficiencia / Roca Dura
EXP-0339,2023-12-05,Volcan Compañía Minera,Chungar / Yauli,Junín,Zinc-Lead-Silver,Diamantina Subterránea,RIG-DD-085,Noche (12h),736,5.6,40.16,91.9,10.6,1.4,380,765,82.9,52.7,Falla Mecánica,2691.44,4303.84,1612.4,Ninguno,Operación Normal
EXP-0340,2023-12-06,Minera Barrick Misquichilca,Lagunas Norte,La Libertad,Gold,Diamantina Superficial,RIG-DD-072,Noche (12h),1734,4.5,51.97,91.1,11.9,0.1,396,450,94.8,54.4,Sin Parada / Operación Continua,3042.74,4125.26,1082.52,Ninguno,Operación Normal
EXP-0341,2023-12-07,Minsur S.A.,San Rafael,Puno,Tin,Pozos de Agua,RIG-RC-009,Día (12h),1001,6.1,39.32,86.5,10.9,1.1,387,710,,42.9,Falla Mecánica,1993.77,3153.35,1159.58,Ninguno,Operación Normal
EXP-0342,2023-12-08,Minera Chinalco Perú,Toromocho,Junín,Copper,Diamantina Superficial,RIG-DD-047,Noche (12h),1473,4.2,56.27,98.8,6.9,5.1,253,512,46.4,61.6,Cambio de Broca,3557.85,5013.09,1455.24,Ninguno,Mantenimiento / Parada
EXP-0343,2023-12-09,Compañía Minera Coimolache,Tantahuatay,Cajamarca,Gold-Copper,Diamantina Superficial,RIG-DD-015,Día (12h),1119,5.7,61.61,92.9,8.1,3.9,190,932,66.7,68.4,Condición Climatológica,3941.7,5216.05,1274.35,Ninguno,Alta Eficiencia
EXP-0344,2023-12-10,Minera Barrick Misquichilca,Lagunas Norte,La Libertad,Gold,Circulación Reversa,RIG-RC-016,Noche (12h),709,5.1,74.52,91.8,11.8,0.2,466,1125,104.9,71.9,Sin Parada / Operación Continua,3584.57,6008.24,2423.67,Ninguno,Operación Normal
EXP-0345,2023-12-11,Nexa Resources Perú,El Porvenir / Atacocha,Pasco,Zinc-Lead,Diamantina Superficial,RIG-DD-104,Día (12h),829,8.1,14.32,85.1,9.5,2.5,435,770,78.6,44.5,Falla Mecánica,1448.25,1556.26,108.01,Ninguno,Baja Eficiencia / Roca Dura
EXP-0346,2023-12-12,Minsur S.A.,San Rafael,Puno,Tin,Diamantina Subterránea,RIG-DD-082,Día (12h),1201,3.8,38.44,97.4,9.1,2.9,191,650,84.0,39.6,Falla Mecánica,3099.7,4011.73,912.03,Casi Accidente,Operación Normal
EXP-0347,2023-12-13,Compañía Minera Antamina,Antamina,Áncash,Copper-Zinc,Diamantina Superficial,RIG-DD-042,Noche (12h),1296,7.0,19.44,90.9,11.4,0.6,257,671,95.4,40.2,Sin Parada / Operación Continua,1164.48,1864.92,700.44,Ninguno,Baja Eficiencia / Roca Dura
EXP-0348,2023-12-14,Compañía Minera Coimolache,Tantahuatay,Cajamarca,Gold-Copper,Diamantina Superficial,RIG-DD-060,Noche (12h),1505,4.4,59.68,91.5,10.9,1.1,351,601,93.3,61.1,Falla Mecánica,3110.98,5065.43,1954.45,Ninguno,Operación Normal
EXP-0349,2023-12-15,Minsur S.A.,San Rafael,Puno,Tin,Pozos de Agua,RIG-RC-020,Día (12h),1115,5.1,49.96,89.4,9.8,2.2,275,1093,60.5,64.7,Condición Climatológica,3409.03,4476.69,1067.66,Ninguno,Operación Normal
EXP-0350,2023-12-16,Minera Chinalco Perú,Toromocho,Junín,Copper,Diamantina Superficial,RIG-DD-070,Día (12h),1583,5.6,29.4,88.5,11.0,1.0,452,1075,79.0,40.1,Mantenimiento Preventivo,1984.53,2515.48,530.95,Ninguno,Operación Normal
EXP-0351,2023-12-17,Marcobre S.A.C.,Mina Justa,Ica,Copper,Circulación Reversa,RIG-RC-012,Noche (12h),1233,8.0,70.71,85.6,11.8,0.2,358,911,87.8,74.6,Sin Parada / Operación Continua,4034.35,6007.47,1973.12,Ninguno,Operación Normal
EXP-0352,2023-12-18,Marcobre S.A.C.,Mina Justa,Ica,Copper,Diamantina Superficial,RIG-DD-002,Día (12h),1434,4.7,50.01,91.5,9.8,2.2,243,666,63.9,59.8,Espera Geología,3044.03,4023.68,979.65,Ninguno,Operación Normal
EXP-0353,2023-12-19,Minera Chinalco Perú,Toromocho,Junín,Copper,Diamantina Superficial,RIG-DD-007,Día (12h),351,4.0,56.68,99.9,7.6,4.4,311,645,57.9,66.9,Espera Geología,3917.04,4580.0,662.96,Ninguno,Alta Eficiencia
EXP-0354,2023-12-20,Gold Fields La Cima,Cerro Corona,Cajamarca,Gold-Copper,Diamantina Superficial,RIG-DD-080,Noche (12h),1228,5.1,62.15,91.3,10.1,1.9,451,651,67.3,65.0,Condición Climatológica,3656.75,4883.56,1226.81,Ninguno,Operación Normal
EXP-0355,2023-12-21,Marcobre S.A.C.,Mina Justa,Ica,Copper,Diamantina Subterránea,RIG-DD-003,Noche (12h),1418,4.0,66.92,91.3,9.3,2.7,288,1096,76.7,71.2,Falla Mecánica,4474.86,6641.89,2167.03,Ninguno,Operación Normal
EXP-0356,2023-12-22,Compañía Minera Antamina,Antamina,Áncash,Copper-Zinc,Diamantina Superficial,RIG-DD-003,Día (12h),1506,4.1,58.45,91.2,11.2,0.8,452,683,82.7,61.7,Sin Parada / Operación Continua,3703.29,5134.13,1430.84,Ninguno,Operación Normal
EXP-0357,2023-12-23,Compañía Minera Antamina,Antamina,Áncash,Copper-Zinc,Circulación Reversa,RIG-RC-018,Noche (12h),663,6.4,70.43,89.6,11.6,0.4,347,590,85.1,76.0,Sin Parada / Operación Continua,4111.1,5757.91,1646.81,Ninguno,Operación Normal
EXP-0358,2023-12-24,Nexa Resources Perú,El Porvenir / Atacocha,Pasco,Zinc-Lead,Diamantina Superficial,RIG-DD-040,Noche (12h),1336,3.8,61.98,89.9,10.1,1.9,359,947,95.3,67.3,Espera Geología,3785.86,4895.1,1109.24,Ninguno,Operación Normal
EXP-0359,2023-12-25,Volcan Compañía Minera,Chungar / Yauli,Junín,Zinc-Lead-Silver,Pozos de Agua,RIG-RC-006,Noche (12h),470,3.7,53.47,95.4,11.3,0.7,237,1004,79.9,51.7,Sin Parada / Operación Continua,3454.24,4786.09,1331.85,Ninguno,Alta Eficiencia
EXP-0360,2023-12-26,Gold Fields La Cima,Cerro Corona,Cajamarca,Gold-Copper,Diamantina Superficial,RIG-DD-033,Noche (12h),1386,7.1,30.49,84.8,8.5,3.5,258,506,59.1,46.9,Condición Climatológica,2752.5,3014.15,261.65,Ninguno,Baja Eficiencia / Roca Dura
EXP-0361,2023-12-27,Compañía Minera Coimolache,Tantahuatay,Cajamarca,Gold-Copper,Circulación Reversa,RIG-RC-001,Día (12h),659,5.3,77.19,95.9,11.8,0.2,240,953,79.9,81.5,Sin Parada / Operación Continua,4014.58,6442.06,2427.48,Ninguno,Alta Eficiencia
EXP-0362,2023-12-28,Marcobre S.A.C.,Mina Justa,Ica,Copper,Diamantina Subterránea,RIG-DD-008,Día (12h),304,4.1,51.19,95.1,11.0,1.0,300,591,99.9,56.1,Cambio de Broca,4451.04,5623.13,1172.09,Ninguno,Operación Normal
EXP-0363,2023-12-29,Compañía Minera Antamina,Antamina,Áncash,Copper-Zinc,Diamantina Subterránea,RIG-DD-101,Día (12h),1779,4.8,38.88,99.8,11.1,0.9,386,1033,83.1,42.9,Sin Parada / Operación Continua,2876.33,4025.68,1149.35,Ninguno,Operación Normal
EXP-0364,2023-12-30,Minera Chinalco Perú,Toromocho,Junín,Copper,Diamantina Subterránea,RIG-DD-032,Noche (12h),1505,6.7,29.27,88.9,7.0,5.0,213,988,55.3,54.8,Espera Geología,3087.85,3482.47,394.62,Ninguno,Mantenimiento / Parada
EXP-0365,2023-12-31,Marcobre S.A.C.,Mina Justa,Ica,Copper,Diamantina Subterránea,RIG-DD-048,Día (12h),361,4.9,37.9,83.8,11.7,0.3,249,1089,72.8,52.6,Sin Parada / Operación Continua,2564.24,4214.49,1650.25,Ninguno,Operación Normal
EXP-0366,2024-01-01,Volcan Compañía Minera,Chungar / Yauli,Junín,Zinc-Lead-Silver,Diamantina Subterránea,RIG-DD-101,Noche (12h),550,6.0,37.51,95.4,12.0,0.0,196,555,92.0,54.2,Sin Parada / Operación Continua,2811.66,4285.31,1473.65,Casi Accidente,Operación Normal
EXP-0367,2024-01-02,Minera Chinalco Perú,Toromocho,Junín,Copper,Diamantina Superficial,RIG-DD-004,Día (12h),633,4.1,37.96,,11.5,0.5,199,614,75.9,51.1,Sin Parada / Operación Continua,2647.02,3525.15,878.13,Ninguno,Operación Normal
EXP-0368,2024-01-03,  Minsur S.A.  ,San Rafael,Puno,Tin,Diamantina Superficial,RIG-DD-094,Día (12h),1051,6.4,36.53,92.2,8.9,3.1,248,664,75.0,50.0,Cambio de Broca,2642.66,3147.65,504.99,Ninguno,Operación Normal
EXP-0369,2024-01-04,Minsur S.A.,San Rafael,Puno,Tin,Circulación Reversa,RIG-RC-006,Noche (12h),339,5.1,61.15,89.8,11.6,0.4,394,520,102.4,64.4,Sin Parada / Operación Continua,3135.67,5250.89,2115.22,Ninguno,Operación Normal
EXP-0370,2024-01-05,Marcobre S.A.C.,Mina Justa,Ica,Copper,Diamantina Subterránea,RIG-DD-019,Día (12h),1694,6.6,28.97,89.7,11.5,0.5,340,1114,96.1,38.5,Sin Parada / Operación Continua,2203.52,3109.62,906.1,Ninguno,Operación Normal
EXP-0371,2024-01-06,Volcan Compañía Minera,Chungar / Yauli,Junín,Zinc-Lead-Silver,Diamantina Subterránea,RIG-DD-032,Día (12h),1355,7.5,29.03,88.6,11.7,0.3,281,1028,98.5,43.2,Sin Parada / Operación Continua,1921.61,3155.01,1233.4,Ninguno,Baja Eficiencia / Roca Dura
EXP-0372,2024-01-07,Gold Fields La Cima,Cerro Corona,Cajamarca,Gold-Copper,Diamantina Superficial,RIG-DD-009,Noche (12h),286,6.6,38.53,89.1,9.7,2.3,385,539,73.2,46.8,Falla Mecánica,2733.89,3154.49,420.6,Ninguno,Operación Normal
EXP-0373,2024-01-08,Marcobre S.A.C.,Mina Justa,Ica,Copper,Diamantina Superficial,RIG-DD-012,Día (12h),382,5.0,50.38,87.8,11.9,0.1,324,677,99.3,54.3,Sin Parada / Operación Continua,3459.6,4539.55,1079.95,Incidente Menor,Operación Normal
EXP-0374,2024-01-09,Compañía Minera Antamina,Antamina,Áncash,Copper-Zinc,Diamantina Superficial,RIG-DD-011,Noche (12h),567,4.8,49.16,100.0,11.3,0.7,236,528,,56.7,Sin Parada / Operación Continua,2456.85,4061.6,1604.75,Ninguno,Operación Normal
EXP-0375,2024-01-10,Minera Barrick Misquichilca,Lagunas Norte,La Libertad,Gold,Diamantina Subterránea,RIG-DD-046,Noche (12h),328,5.1,35.25,95.3,11.4,0.6,262,1057,92.4,49.2,Sin Parada / Operación Continua,2974.52,3861.12,886.6,Ninguno,Operación Normal
EXP-0376,2024-01-11,Marcobre S.A.C.,Mina Justa,Ica,Copper,Diamantina Superficial,RIG-DD-016,Día (12h),1469,4.3,58.44,95.7,10.5,1.5,448,798,68.6,66.0,Espera Geología,3860.25,4817.8,957.55,Ninguno,Alta Eficiencia
EXP-0377,2024-01-12,Marcobre S.A.C.,Mina Justa,Ica,Copper,Diamantina Superficial,RIG-DD-001,Noche (12h),869,4.4,41.03,98.1,9.6,2.4,366,695,,41.5,Condición Climatológica,2795.32,3853.21,1057.89,Ninguno,Operación Normal
EXP-0378,2024-01-13,Minera Chinalco Perú,Toromocho,Junín,Copper,Diamantina Superficial,RIG-DD-063,Noche (12h),1601,7.5,33.76,89.9,10.6,1.4,185,721,75.8,54.1,Mantenimiento Preventivo,2291.22,2933.03,641.81,Ninguno,Operación Normal
EXP-0379,2024-01-14,Minera Barrick Misquichilca,Lagunas Norte,La Libertad,Gold,Diamantina Superficial,RIG-DD-021,Día (12h),348,5.4,46.82,90.2,7.2,4.8,289,852,52.9,60.9,Espera Geología,3369.08,4178.63,809.55,Ninguno,Mantenimiento / Parada
EXP-0380,2024-01-15,Compañía Minera Antamina,Antamina,Áncash,Copper-Zinc,Diamantina Subterránea,RIG-DD-030,Día (12h),1184,5.7,50.27,95.3,6.6,5.4,317,1118,43.1,57.7,Espera Geología,4550.86,5488.9,938.04,Ninguno,Mantenimiento / Parada
EXP-0381,2024-01-16,Marcobre S.A.C.,Mina Justa,Ica,Copper,Diamantina Superficial,RIG-DD-013,Día (12h),1051,6.5,33.2,92.6,11.2,0.8,230,565,94.2,53.2,Sin Parada / Operación Continua,2008.67,2951.36,942.69,Ninguno,Operación Normal
EXP-0382,2024-01-17,Minera Chinalco Perú,Toromocho,Junín,Copper,Diamantina Subterránea,RIG-DD-034,Noche (12h),1656,6.4,27.25,88.3,9.3,2.7,230,884,53.9,46.3,Espera Geología,2267.62,3015.65,748.03,Ninguno,Operación Normal
EXP-0383,2024-01-18,Volcan Compañía Minera,Chungar / Yauli,Junín,Zinc-Lead-Silver,Diamantina Superficial,RIG-DD-004,Día (12h),827,3.8,44.26,97.8,9.6,2.4,266,979,61.4,42.0,Espera Geología,2926.37,3968.15,1041.78,Ninguno,Operación Normal
EXP-0384,2024-01-19,Marcobre S.A.C.,Mina Justa,Ica,Copper,Diamantina Superficial,RIG-DD-028,Noche (12h),1692,7.7,13.95,86.9,8.0,4.0,247,891,68.0,45.7,Condición Climatológica,1572.74,1793.99,221.25,Ninguno,Baja Eficiencia / Roca Dura
EXP-0385,2024-01-20,Minera Barrick Misquichilca,Lagunas Norte,La Libertad,Gold,Diamantina Superficial,RIG-DD-102,Noche (12h),645,4.4,36.71,94.8,10.9,1.1,263,621,79.0,40.2,Condición Climatológica,2673.81,3406.21,732.4,Ninguno,Operación Normal
EXP-0386,2024-01-21,Nexa Resources Perú,El Porvenir / Atacocha,Pasco,Zinc-Lead,Diamantina Superficial,RIG-DD-095,Noche (12h),1704,7.1,35.74,90.6,10.6,1.4,221,465,88.2,55.9,Mantenimiento Preventivo,2128.12,3016.78,888.66,Ninguno,Operación Normal
EXP-0387,2024-01-22,Minera Barrick Misquichilca,Lagunas Norte,La Libertad,Gold,Diamantina Superficial,RIG-DD-059,Día (12h),1083,7.4,34.34,92.3,11.0,1.0,398,505,85.5,55.4,Condición Climatológica,2303.7,3308.48,1004.78,Ninguno,Operación Normal
EXP-0388,2024-01-23,Minsur S.A.,San Rafael,Puno,Tin,Diamantina Superficial,RIG-DD-027,Día (12h),493,7.1,32.63,86.9,8.6,3.4,236,1040,80.0,42.4,Condición Climatológica,2593.22,2879.8,286.58,Ninguno,Operación Normal
EXP-0389,2024-01-24,Compañía Minera Antamina,Antamina,Áncash,Copper-Zinc,Diamantina Subterránea,RIG-DD-069,Noche (12h),1366,6.4,33.54,91.3,11.5,0.5,405,552,90.7,48.0,Sin Parada / Operación Continua,2595.27,3732.04,1136.77,Ninguno,Operación Normal
EXP-0390,2024-01-25,Compañía Minera Coimolache,Tantahuatay,Cajamarca,Gold-Copper,Diamantina Superficial,RIG-DD-025,Día (12h),449,3.6,72.69,100.0,11.5,0.5,375,733,63.9,75.9,Sin Parada / Operación Continua,4296.85,6150.61,1853.76,Ninguno,Alta Eficiencia
EXP-0391,2024-01-26,Marcobre S.A.C.,Mina Justa,Ica,Copper,Diamantina Subterránea,RIG-DD-003,Día (12h),1077,5.3,41.81,91.9,11.2,0.8,427,966,77.4,44.6,Sin Parada / Operación Continua,3401.01,4284.99,883.98,Ninguno,Operación Normal
EXP-0392,2024-01-27,Minera Barrick Misquichilca,Lagunas Norte,La Libertad,Gold,Circulación Reversa,RIG-RC-001,Día (12h),1147,6.5,64.77,90.6,11.5,0.5,345,1067,69.8,74.0,Sin Parada / Operación Continua,4246.95,5528.46,1281.51,Ninguno,Operación Normal
EXP-0393,2024-01-28,Compañía Minera Coimolache,Tantahuatay,Cajamarca,Gold-Copper,Diamantina Subterránea,RIG-DD-068,Día (12h),1174,5.4,41.42,98.2,10.5,1.5,241,727,96.6,55.7,Falla Mecánica,2937.98,4492.6,1554.62,Ninguno,Operación Normal
EXP-0394,2024-01-29,Minera Chinalco Perú,Toromocho,Junín,Copper,Diamantina Superficial,RIG-DD-025,Noche (12h),1525,7.8,19.89,89.3,11.7,0.3,442,1061,69.2,45.3,,1538.94,2227.75,688.81,Incidente Menor,Baja Eficiencia / Roca Dura
EXP-0395,2024-01-30,Nexa Resources Perú,El Porvenir / Atacocha,Pasco,Zinc-Lead,Diamantina Superficial,RIG-DD-020,Día (12h),1248,5.0,50.05,88.6,11.3,0.7,291,718,79.7,54.7,Sin Parada / Operación Continua,3225.12,4056.93,831.81,Ninguno,Operación Normal
EXP-0396,2024-01-31,Compañía Minera Antamina,Antamina,Áncash,Copper-Zinc,Diamantina Superficial,RIG-DD-034,Día (12h),988,5.0,39.93,90.6,7.6,4.4,432,849,48.7,56.0,Falla Mecánica,2784.07,3447.16,663.09,Ninguno,Operación Normal
EXP-0397,2024-02-01,Minera Barrick Misquichilca,Lagunas Norte,La Libertad,Gold,Diamantina Superficial,RIG-DD-026,Día (12h),1183,4.8,41.0,95.5,11.1,0.9,378,952,98.6,55.1,Sin Parada / Operación Continua,2577.85,3774.71,1196.86,Ninguno,Operación Normal
EXP-0398,2024-02-02,Compañía Minera Coimolache,Tantahuatay,Cajamarca,Gold-Copper,Pozos de Agua,RIG-RC-005,Noche (12h),1088,5.2,48.85,93.9,9.5,2.5,357,535,64.0,57.5,Cambio de Broca,2698.83,3875.29,1176.46,Ninguno,Operación Normal
EXP-0399,2024-02-03,Nexa Resources Perú,El Porvenir / Atacocha,Pasco,Zinc-Lead,Diamantina Superficial,RIG-DD-099,Noche (12h),1089,6.3,30.62,90.9,11.8,0.2,205,769,111.7,41.1,Sin Parada / Operación Continua,1569.64,2563.82,994.18,Ninguno,Operación Normal
EXP-0400,2024-02-04,Minsur S.A.,San Rafael,Puno,Tin,Diamantina Superficial,RIG-DD-061,Día (12h),269,7.0,30.07,95.5,11.5,0.5,425,481,65.0,40.2,Sin Parada / Operación Continua,2280.29,3049.59,769.3,Ninguno,Baja Eficiencia / Roca Dura
EXP-0401,2024-02-05,Compañía Minera Antamina,Antamina,Áncash,Copper-Zinc,Diamantina Subterránea,RIG-DD-092,Noche (12h),824,6.8,27.87,87.5,9.0,3.0,198,785,54.1,45.5,Mantenimiento Preventivo,2573.68,3015.89,442.21,Ninguno,Operación Normal
EXP-0402,2024-02-06,Compañía Minera Antamina,Antamina,Áncash,Copper-Zinc,Diamantina Subterránea,RIG-DD-093,Noche (12h),1074,7.5,24.91,87.8,9.4,2.6,444,500,60.1,50.6,Falla Mecánica,2750.86,3151.78,400.92,Ninguno,Baja Eficiencia / Roca Dura
EXP-0403,2024-02-07,Minsur S.A.,San Rafael,Puno,Tin,Diamantina Subterránea,RIG-DD-009,Noche (12h),1335,7.9,16.41,81.3,11.1,0.9,199,528,97.1,36.6,Sin Parada / Operación Continua,1480.73,1868.47,387.74,Ninguno,Baja Eficiencia / Roca Dura
EXP-0404,2024-02-08,Marcobre S.A.C.,Mina Justa,Ica,Copper,Diamantina Superficial,RIG-DD-102,Noche (12h),1587,7.6,19.08,91.3,6.4,5.6,285,1147,57.7,34.4,Mantenimiento Preventivo,1833.57,1847.66,14.09,Ninguno,Mantenimiento / Parada
EXP-0405,2024-02-09,Minsur S.A.,San Rafael,Puno,Tin,Diamantina Superficial,RIG-DD-050,Día (12h),1526,3.6,49.64,93.4,7.7,4.3,416,623,44.6,56.3,Mantenimiento Preventivo,3088.44,4374.72,1286.28,Ninguno,Operación Normal
EXP-0406,2024-02-10,Compañía Minera Antamina,Antamina,Áncash,Copper-Zinc,Diamantina Superficial,RIG-DD-006,Día (12h),670,7.2,34.15,91.8,6.1,5.9,425,1067,34.3,50.9,Espera Geología,3160.43,3155.92,-4.51,Ninguno,Mantenimiento / Parada
EXP-0407,2024-02-11,Compañía Minera Antamina,Antamina,Áncash,Copper-Zinc,Diamantina Superficial,RIG-DD-083,Día (12h),290,4.5,50.38,96.9,11.0,1.0,260,950,93.3,58.1,Mantenimiento Preventivo,2924.4,4327.17,1402.77,Ninguno,Operación Normal
EXP-0408,2024-02-12,Compañía Minera Coimolache,Tantahuatay,Cajamarca,Gold-Copper,Diamantina Superficial,RIG-DD-060,Día (12h),729,4.2,58.75,100.0,11.6,0.4,329,1024,70.0,58.9,Sin Parada / Operación Continua,3211.27,4924.19,1712.92,Ninguno,Alta Eficiencia
EXP-0409,2024-02-13,Nexa Resources Perú,El Porvenir / Atacocha,Pasco,Zinc-Lead,Diamantina Superficial,RIG-DD-044,Noche (12h),860,6.7,39.6,,10.2,1.8,189,525,61.5,51.3,Espera Geología,3014.18,3676.06,661.88,Ninguno,Operación Normal
EXP-0410,2024-02-14,Minsur S.A.,San Rafael,Puno,Tin,Diamantina Superficial,RIG-DD-011,Día (12h),938,5.1,40.52,91.7,9.9,2.1,403,765,55.3,46.4,Cambio de Broca,2607.91,3379.97,772.06,Ninguno,Operación Normal
EXP-0411,2024-02-15,Nexa Resources Perú,El Porvenir / Atacocha,Pasco,Zinc-Lead,Diamantina Superficial,RIG-DD-066,Día (12h),925,3.8,61.65,96.8,11.8,0.2,443,822,67.3,65.3,Sin Parada / Operación Continua,3194.46,5089.23,1894.77,Ninguno,Alta Eficiencia
EXP-0412,2024-02-16,Minsur S.A.,San Rafael,Puno,Tin,Diamantina Superficial,RIG-DD-047,Noche (12h),1071,4.2,51.29,92.3,9.2,2.8,328,530,60.3,53.6,Cambio de Broca,3473.39,4140.02,666.63,Ninguno,Operación Normal
EXP-0413,2024-02-17,Minera Chinalco Perú,Toromocho,Junín,Copper,Diamantina Subterránea,RIG-DD-073,Noche (12h),391,3.5,55.73,97.0,12.0,0.0,457,1089,69.1,59.9,Sin Parada / Operación Continua,4556.72,5851.91,1295.19,Ninguno,Alta Eficiencia
EXP-0414,2024-02-18,Compañía Minera Antamina,Antamina,Áncash,Copper-Zinc,Diamantina Subterránea,RIG-DD-085,Día (12h),1775,8.0,31.02,86.4,10.8,1.2,453,1144,75.3,46.7,Cambio de Broca,2113.55,3297.23,1183.68,Ninguno,Baja Eficiencia / Roca Dura
EXP-0415,2024-02-19,Compañía Minera Coimolache,Tantahuatay,Cajamarca,Gold-Copper,Diamantina Subterránea,RIG-DD-088,Día (12h),1465,3.6,60.63,95.6,11.3,0.7,373,1146,99.8,63.8,Sin Parada / Operación Continua,4719.21,6160.16,1440.95,Ninguno,Alta Eficiencia
EXP-0416,2024-02-20,Nexa Resources Perú,El Porvenir / Atacocha,Pasco,Zinc-Lead,Diamantina Superficial,RIG-DD-098,Día (12h),337,4.5,46.18,91.3,9.6,2.4,351,520,65.3,55.5,Espera Geología,2885.04,3946.25,1061.21,Ninguno,Operación Normal
EXP-0417,2024-02-21,Minsur S.A.,San Rafael,Puno,Tin,Diamantina Superficial,RIG-DD-086,Noche (12h),544,5.6,44.11,,11.3,0.7,444,1115,95.0,55.2,Sin Parada / Operación Continua,2497.5,3524.31,1026.81,Ninguno,Operación Normal
EXP-0418,2024-02-22,Gold Fields La Cima,Cerro Corona,Cajamarca,Gold-Copper,Diamantina Superficial,RIG-DD-003,Día (12h),1403,5.3,32.47,94.9,8.8,3.2,205,1101,51.7,47.5,Espera Geología,2436.68,2690.41,253.73,Ninguno,Operación Normal
EXP-0419,2024-02-23,Minera Chinalco Perú,Toromocho,Junín,Copper,Diamantina Subterránea,RIG-DD-076,Día (12h),1208,8.1,22.18,81.8,10.4,1.6,205,520,84.6,40.4,Cambio de Broca,2298.08,2718.66,420.58,Ninguno,Baja Eficiencia / Roca Dura
EXP-0420,2024-02-24,Minera Barrick Misquichilca,Lagunas Norte,La Libertad,Gold,Diamantina Subterránea,RIG-DD-092,Noche (12h),702,3.7,43.4,93.5,9.2,2.8,213,495,62.3,50.7,Espera Geología,3232.78,4580.38,1347.6,Casi Accidente,Operación Normal
EXP-0421,2024-02-25,Marcobre S.A.C.,Mina Justa,Ica,Copper,Diamantina Superficial,RIG-DD-030,Día (12h),402,6.1,28.32,91.3,3.8,8.2,443,496,32.3,43.1,Condición Climatológica,2753.89,2842.87,88.98,Ninguno,Mantenimiento / Parada
EXP-0422,2024-02-26,Nexa Resources Perú,El Porvenir / Atacocha,Pasco,Zinc-Lead,Circulación Reversa,RIG-RC-016,Noche (12h),772,6.9,64.48,82.2,10.0,2.0,317,1040,60.5,70.4,Condición Climatológica,3490.43,5452.8,1962.37,Ninguno,Operación Normal
EXP-0423,2024-02-27,Compañía Minera Coimolache,Tantahuatay,Cajamarca,Gold-Copper,Diamantina Superficial,RIG-DD-021,Día (12h),391,8.2,8.0,91.8,4.4,7.6,362,871,40.0,21.7,Espera Geología,1469.25,804.86,-664.39,Ninguno,Mantenimiento / Parada
EXP-0424,2024-02-28,Minera Barrick Misquichilca,Lagunas Norte,La Libertad,Gold,Diamantina Superficial,RIG-DD-028,Día (12h),204,6.6,46.62,87.7,11.9,0.1,421,598,77.0,50.2,Sin Parada / Operación Continua,2381.65,4066.53,1684.88,Ninguno,Operación Normal
EXP-0425,2024-02-29,Gold Fields La Cima,Cerro Corona,Cajamarca,Gold-Copper,Diamantina Subterránea,RIG-DD-090,Noche (12h),1460,7.5,31.68,85.2,11.3,0.7,233,579,78.1,37.9,Sin Parada / Operación Continua,2247.22,3265.83,1018.61,Ninguno,Baja Eficiencia / Roca Dura
EXP-0426,2024-03-01,Marcobre S.A.C.,Mina Justa,Ica,Copper,Circulación Reversa,RIG-RC-001,Noche (12h),510,3.9,69.09,94.6,11.8,0.2,347,905,109.7,71.4,Sin Parada / Operación Continua,3503.04,5850.31,2347.27,Ninguno,Alta Eficiencia
EXP-0427,2024-03-02,Gold Fields La Cima,Cerro Corona,Cajamarca,Gold-Copper,Diamantina Subterránea,RIG-DD-085,Día (12h),748,5.4,60.99,92.6,11.5,0.5,298,1088,89.9,65.4,Sin Parada / Operación Continua,4415.59,6588.95,2173.36,Ninguno,Alta Eficiencia
EXP-0428,2024-03-03,Minera Barrick Misquichilca,Lagunas Norte,La Libertad,Gold,Diamantina Subterránea,RIG-DD-035,Noche (12h),255,5.4,63.19,89.9,8.7,3.3,322,1080,60.6,69.3,Espera Geología,4230.71,6521.77,2291.06,Ninguno,Operación Normal
EXP-0429,2024-03-04,Marcobre S.A.C.,Mina Justa,Ica,Copper,Diamantina Superficial,RIG-DD-052,Noche (12h),642,7.9,20.36,90.1,11.9,0.1,260,954,110.7,39.8,Sin Parada / Operación Continua,1608.19,2136.67,528.48,Ninguno,Baja Eficiencia / Roca Dura
EXP-0430,2024-03-05,Gold Fields La Cima,Cerro Corona,Cajamarca,Gold-Copper,Diamantina Subterránea,RIG-DD-034,Noche (12h),1460,4.3,43.19,95.6,10.7,1.3,424,693,72.9,51.8,Falla Mecánica,2920.83,4445.44,1524.61,Ninguno,Operación Normal
EXP-0431,2024-03-06,Compañía Minera Coimolache,Tantahuatay,Cajamarca,Gold-Copper,Diamantina Superficial,RIG-DD-041,Día (12h),1069,4.3,64.09,91.9,10.5,1.5,241,923,61.7,69.4,Falla Mecánica,3582.19,5269.31,1687.12,Ninguno,Operación Normal
EXP-0432,2024-03-07,Minsur S.A.,San Rafael,Puno,Tin,Circulación Reversa,RIG-RC-019,Noche (12h),1420,5.1,71.45,91.2,10.5,1.5,225,831,99.6,75.1,,4758.66,6072.41,1313.75,Ninguno,Operación Normal
EXP-0433,2024-03-08,Compañía Minera Antamina,Antamina,Áncash,Copper-Zinc,Diamantina Superficial,RIG-DD-047,Día (12h),784,3.8,55.89,,10.8,1.2,266,552,71.0,58.5,Mantenimiento Preventivo,3419.95,4492.2,1072.25,Ninguno,Operación Normal
EXP-0434,2024-03-09,Minsur S.A.,San Rafael,Puno,Tin,Diamantina Subterránea,RIG-DD-082,Día (12h),1794,4.4,59.54,90.4,9.2,2.8,278,938,81.9,63.5,Mantenimiento Preventivo,4088.59,6015.62,1927.03,Ninguno,Operación Normal
EXP-0435,2024-03-10,Minera Barrick Misquichilca,Lagunas Norte,La Libertad,Gold,Diamantina Superficial,RIG-DD-058,Día (12h),951,8.3,17.37,87.6,11.7,0.3,474,486,72.1,46.3,Sin Parada / Operación Continua,1088.06,1770.01,681.95,Ninguno,Baja Eficiencia / Roca Dura
EXP-0436,2024-03-11,Nexa Resources Perú,El Porvenir / Atacocha,Pasco,Zinc-Lead,Diamantina Subterránea,RIG-DD-075,Día (12h),1737,5.6,38.27,89.3,11.3,0.7,232,1103,95.2,38.7,Sin Parada / Operación Continua,3166.72,4263.0,1096.28,Ninguno,Operación Normal
EXP-0437,2024-03-12,Compañía Minera Antamina,Antamina,Áncash,Copper-Zinc,Diamantina Superficial,RIG-DD-057,Noche (12h),1672,6.7,21.22,95.0,10.3,1.7,371,998,78.3,34.4,Cambio de Broca,1531.49,2017.03,485.54,Ninguno,Operación Normal
EXP-0438,2024-03-13,Minera Chinalco Perú,Toromocho,Junín,Copper,Diamantina Subterránea,RIG-DD-023,Día (12h),559,7.1,23.16,89.0,9.9,2.1,259,969,93.3,44.9,Condición Climatológica,2420.0,2956.84,536.84,Ninguno,Baja Eficiencia / Roca Dura
EXP-0439,2024-03-14,Compañía Minera Coimolache,Tantahuatay,Cajamarca,Gold-Copper,Diamantina Superficial,RIG-DD-048,Día (12h),1018,5.3,40.51,88.3,11.1,0.9,195,782,85.6,55.2,Sin Parada / Operación Continua,2312.5,3294.92,982.42,Ninguno,Operación Normal
EXP-0440,2024-03-15,Minera Chinalco Perú,Toromocho,Junín,Copper,Diamantina Superficial,RIG-DD-022,Noche (12h),229,4.2,41.49,91.2,8.3,3.7,373,846,46.5,49.3,Cambio de Broca,2738.42,3534.23,795.81,Ninguno,Operación Normal
EXP-0441,2024-03-16,Marcobre S.A.C.,Mina Justa,Ica,Copper,Diamantina Superficial,RIG-DD-017,Día (12h),307,4.5,39.82,97.2,11.0,1.0,320,745,87.1,45.8,Espera Geología,2540.82,3611.87,1071.05,Ninguno,Operación Normal
EXP-0442,2024-03-17,Compañía Minera Antamina,Antamina,Áncash,Copper-Zinc,Diamantina Superficial,RIG-DD-069,Día (12h),1043,5.1,44.47,92.6,11.1,0.9,287,556,67.5,61.7,Sin Parada / Operación Continua,2786.66,3670.84,884.18,Casi Accidente,Operación Normal
EXP-0443,2024-03-18,Minera Chinalco Perú,Toromocho,Junín,Copper,Circulación Reversa,RIG-RC-012,Día (12h),916,6.7,46.6,92.6,11.9,0.1,444,979,103.5,59.8,Sin Parada / Operación Continua,3121.34,4088.85,967.51,Ninguno,Operación Normal
EXP-0444,2024-03-19,Minera Chinalco Perú,Toromocho,Junín,Copper,Diamantina Superficial,RIG-DD-011,Día (12h),1090,5.5,33.97,90.9,10.6,1.4,469,532,94.6,45.0,Falla Mecánica,1847.17,2846.28,999.11,Ninguno,Operación Normal
EXP-0445,2024-03-20,Gold Fields La Cima,Cerro Corona,Cajamarca,Gold-Copper,Pozos de Agua,RIG-RC-015,Día (12h),1159,3.5,72.56,94.3,9.8,2.2,388,737,72.8,77.6,Espera Geología,4150.77,5675.59,1524.82,Casi Accidente,Alta Eficiencia
EXP-0446,2024-03-21,Minsur S.A.,San Rafael,Puno,Tin,Diamantina Superficial,RIG-DD-091,Noche (12h),1668,6.1,33.44,94.2,11.8,0.2,344,910,101.9,48.5,Sin Parada / Operación Continua,1655.01,2780.61,1125.6,Ninguno,Operación Normal
EXP-0447,2024-03-22,  Gold Fields La Cima  ,Cerro Corona,Cajamarca,Gold-Copper,Diamantina Superficial,RIG-DD-035,Día (12h),1092,8.1,16.43,84.2,11.3,0.7,331,664,68.7,42.7,Sin Parada / Operación Continua,1424.79,1990.24,565.45,Ninguno,Baja Eficiencia / Roca Dura
EXP-0448,2024-03-23,Compañía Minera Antamina,Antamina,Áncash,Copper-Zinc,Diamantina Subterránea,RIG-DD-033,Día (12h),1661,7.6,21.4,89.3,9.3,2.7,469,730,69.5,45.9,Espera Geología,2265.13,2564.05,298.92,Ninguno,Baja Eficiencia / Roca Dura
EXP-0449,2024-03-24,Compañía Minera Antamina,Antamina,Áncash,Copper-Zinc,Diamantina Subterránea,RIG-DD-084,Noche (12h),931,7.6,21.53,87.2,11.2,0.8,447,908,79.2,38.9,Sin Parada / Operación Continua,1872.37,2723.16,850.79,Ninguno,Baja Eficiencia / Roca Dura
EXP-0450,2024-03-25,Minera Barrick Misquichilca,Lagunas Norte,La Libertad,Gold,Diamantina Superficial,RIG-DD-016,Noche (12h),805,7.5,29.6,90.6,11.5,0.5,330,793,91.4,56.0,Sin Parada / Operación Continua,2067.89,2619.59,551.7,Ninguno,Baja Eficiencia / Roca Dura
EXP-0451,2024-03-26,Gold Fields La Cima,Cerro Corona,Cajamarca,Gold-Copper,Diamantina Subterránea,RIG-DD-034,Día (12h),656,5.1,48.24,98.3,10.0,2.0,386,643,56.8,43.2,Falla Mecánica,3868.34,5138.4,1270.06,Ninguno,Operación Normal
EXP-0452,2024-03-27,Volcan Compañía Minera,Chungar / Yauli,Junín,Zinc-Lead-Silver,Diamantina Subterránea,RIG-DD-066,Noche (12h),814,7.3,23.47,87.2,11.6,0.4,434,607,98.7,31.6,Sin Parada / Operación Continua,2138.86,2726.62,587.76,Ninguno,Baja Eficiencia / Roca Dura
EXP-0453,2024-03-28,Minsur S.A.,San Rafael,Puno,Tin,Diamantina Superficial,RIG-DD-099,Día (12h),897,4.2,49.69,93.0,7.9,4.1,320,914,46.0,50.6,Espera Geología,3779.2,4494.19,714.99,Ninguno,Operación Normal
EXP-0454,2024-03-29,Compañía Minera Antamina,Antamina,Áncash,Copper-Zinc,Pozos de Agua,RIG-RC-008,Día (12h),1718,6.8,41.1,91.4,11.8,0.2,275,553,95.9,52.5,Sin Parada / Operación Continua,2265.19,3731.04,1465.85,Ninguno,Operación Normal
EXP-0455,2024-03-30,Minera Barrick Misquichilca,Lagunas Norte,La Libertad,Gold,Pozos de Agua,RIG-RC-015,Noche (12h),873,6.7,19.32,86.4,9.8,2.2,406,483,54.6,38.0,Mantenimiento Preventivo,1571.15,2087.33,516.18,Ninguno,Operación Normal
EXP-0456,2024-03-31,Gold Fields La Cima,Cerro Corona,Cajamarca,Gold-Copper,Diamantina Subterránea,RIG-DD-039,Día (12h),1470,3.6,55.74,100.0,10.8,1.2,372,551,95.3,53.8,Falla Mecánica,3782.81,5523.11,1740.3,Ninguno,Alta Eficiencia
EXP-0457,2024-04-01,Minsur S.A.,San Rafael,Puno,Tin,Diamantina Superficial,RIG-DD-070,Noche (12h),742,7.4,26.88,92.5,8.3,3.7,297,1088,51.5,44.5,Espera Geología,2007.18,2545.8,538.62,Ninguno,Baja Eficiencia / Roca Dura
EXP-0458,2024-04-02,Gold Fields La Cima,Cerro Corona,Cajamarca,Gold-Copper,Diamantina Subterránea,RIG-DD-073,Día (12h),1787,8.0,14.79,84.0,11.8,0.2,184,774,89.2,35.3,Sin Parada / Operación Continua,1304.04,1885.24,581.2,Ninguno,Baja Eficiencia / Roca Dura
EXP-0459,2024-04-03,  Minera Chinalco Perú  ,Toromocho,Junín,Copper,Diamantina Superficial,RIG-DD-020,Noche (12h),1056,4.8,45.68,88.7,10.0,2.0,422,1140,65.5,62.5,Mantenimiento Preventivo,3060.29,4182.71,1122.42,Ninguno,Operación Normal
EXP-0460,2024-04-04,Minera Barrick Misquichilca,Lagunas Norte,La Libertad,Gold,Diamantina Superficial,RIG-DD-001,Día (12h),1096,7.6,16.91,84.3,10.5,1.5,200,1041,88.1,32.9,Mantenimiento Preventivo,1431.48,1622.66,191.18,Ninguno,Baja Eficiencia / Roca Dura
EXP-0461,2024-04-05,Minsur S.A.,San Rafael,Puno,Tin,Diamantina Superficial,RIG-DD-072,Noche (12h),1662,3.9,58.9,91.8,10.8,1.2,331,590,73.3,52.4,Condición Climatológica,3330.64,4779.4,1448.76,Ninguno,Operación Normal
EXP-0462,2024-04-06,Marcobre S.A.C.,Mina Justa,Ica,Copper,Diamantina Superficial,RIG-DD-087,Noche (12h),477,6.5,22.29,92.4,10.8,1.2,307,923,90.7,43.7,Mantenimiento Preventivo,1705.64,2118.56,412.92,Ninguno,Operación Normal
EXP-0463,2024-04-07,Marcobre S.A.C.,Mina Justa,Ica,Copper,Circulación Reversa,RIG-RC-003,Noche (12h),751,5.9,76.3,95.8,9.7,2.3,303,480,64.4,77.7,Cambio de Broca,4938.94,6068.52,1129.58,Incidente Menor,Alta Eficiencia
EXP-0464,2024-04-08,Minsur S.A.,San Rafael,Puno,Tin,Diamantina Subterránea,RIG-DD-004,Día (12h),310,6.2,34.81,93.0,7.0,5.0,325,512,59.6,47.2,Falla Mecánica,3307.69,3584.46,276.77,Ninguno,Mantenimiento / Parada
EXP-0465,2024-04-09,Gold Fields La Cima,Cerro Corona,Cajamarca,Gold-Copper,Diamantina Subterránea,RIG-DD-058,Noche (12h),584,8.1,16.62,86.1,11.8,0.2,456,1009,66.3,34.9,Sin Parada / Operación Continua,1449.85,2293.35,843.5,Ninguno,Baja Eficiencia / Roca Dura
EXP-0466,2024-04-10,Minera Barrick Misquichilca,Lagunas Norte,La Libertad,Gold,Diamantina Superficial,RIG-DD-025,Noche (12h),960,7.9,13.76,88.2,12.0,0.0,331,536,79.6,38.9,Sin Parada / Operación Continua,1064.3,1566.97,502.67,Ninguno,Baja Eficiencia / Roca Dura
EXP-0467,2024-04-11,Marcobre S.A.C.,Mina Justa,Ica,Copper,Diamantina Superficial,RIG-DD-047,Noche (12h),1414,7.4,34.05,85.6,9.1,2.9,290,753,68.2,43.7,Falla Mecánica,2472.39,3270.57,798.18,Ninguno,Operación Normal
EXP-0468,2024-04-12,Minera Barrick Misquichilca,Lagunas Norte,La Libertad,Gold,Diamantina Superficial,RIG-DD-038,Noche (12h),1713,4.9,40.59,96.5,11.8,0.2,295,510,67.0,34.5,Sin Parada / Operación Continua,2494.23,3742.93,1248.7,Ninguno,Operación Normal
EXP-0469,2024-04-13,Marcobre S.A.C.,Mina Justa,Ica,Copper,Pozos de Agua,RIG-RC-015,Noche (12h),893,8.1,10.86,88.1,4.2,7.8,367,845,26.2,39.8,Falla Mecánica,1707.98,1183.73,-524.25,Ninguno,Mantenimiento / Parada
EXP-0470,2024-04-14,Minera Chinalco Perú,Toromocho,Junín,Copper,Diamantina Superficial,RIG-DD-063,Día (12h),1649,4.0,61.41,97.3,10.3,1.7,236,783,95.2,64.4,Espera Geología,4030.52,5134.39,1103.87,Ninguno,Alta Eficiencia
EXP-0471,2024-04-15,Gold Fields La Cima,Cerro Corona,Cajamarca,Gold-Copper,Circulación Reversa,RIG-RC-003,Día (12h),604,7.8,45.37,85.2,10.1,1.9,430,860,95.0,66.6,Espera Geología,2676.86,3652.68,975.82,Ninguno,Operación Normal
EXP-0472,2024-04-16,Minera Chinalco Perú,Toromocho,Junín,Copper,Diamantina Subterránea,RIG-DD-057,Día (12h),1558,5.1,43.44,92.3,11.6,0.4,329,733,98.1,57.8,Sin Parada / Operación Continua,3386.75,4875.95,1489.2,Ninguno,Operación Normal
EXP-0473,2024-04-17,Marcobre S.A.C.,Mina Justa,Ica,Copper,Diamantina Superficial,RIG-DD-053,Día (12h),1432,3.8,61.15,97.6,11.5,0.5,341,915,74.9,57.8,Sin Parada / Operación Continua,3964.82,5028.81,1063.99,Ninguno,Alta Eficiencia
EXP-0474,2024-04-18,Minera Chinalco Perú,Toromocho,Junín,Copper,Diamantina Subterránea,RIG-DD-046,Noche (12h),221,6.8,31.86,93.7,10.1,1.9,299,529,66.1,47.3,Cambio de Broca,2278.03,3462.91,1184.88,Ninguno,Operación Normal
EXP-0475,2024-04-19,Marcobre S.A.C.,Mina Justa,Ica,Copper,Diamantina Superficial,RIG-DD-014,Noche (12h),877,4.7,61.25,91.8,7.7,4.3,249,1141,62.2,67.7,Mantenimiento Preventivo,3887.29,4975.4,1088.11,Ninguno,Operación Normal
EXP-0476,2024-04-20,Minsur S.A.,San Rafael,Puno,Tin,Circulación Reversa,RIG-RC-004,Noche (12h),810,4.7,70.72,95.9,4.7,7.3,278,526,28.1,72.5,Espera Geología,5123.51,5780.4,656.89,Ninguno,Mantenimiento / Parada
EXP-0477,2024-04-21,Minera Chinalco Perú,Toromocho,Junín,Copper,Circulación Reversa,RIG-RC-012,Día (12h),1431,5.0,73.32,90.9,11.6,0.4,346,989,107.8,74.5,Sin Parada / Operación Continua,3617.9,5850.06,2232.16,Ninguno,Operación Normal
EXP-0478,2024-04-22,Nexa Resources Perú,El Porvenir / Atacocha,Pasco,Zinc-Lead,Diamantina Superficial,RIG-DD-017,Noche (12h),207,3.8,53.53,100.0,11.7,0.3,477,810,74.9,54.9,Sin Parada / Operación Continua,3154.0,4439.66,1285.66,Ninguno,Alta Eficiencia
EXP-0479,2024-04-23,Gold Fields La Cima,Cerro Corona,Cajamarca,Gold-Copper,Diamantina Superficial,RIG-DD-039,Noche (12h),901,4.4,54.77,93.0,11.9,0.1,330,526,113.0,64.3,Sin Parada / Operación Continua,3018.18,4787.72,1769.54,Ninguno,Alta Eficiencia
EXP-0480,2024-04-24,Compañía Minera Antamina,Antamina,Áncash,Copper-Zinc,Diamantina Subterránea,RIG-DD-009,Noche (12h),728,3.5,67.31,97.9,8.4,3.6,181,958,62.9,65.3,Mantenimiento Preventivo,5777.95,7095.0,1317.05,Ninguno,Alta Eficiencia
EXP-0481,2024-04-25,Volcan Compañía Minera,Chungar / Yauli,Junín,Zinc-Lead-Silver,Circulación Reversa,RIG-RC-003,Noche (12h),801,5.7,69.99,92.1,11.4,0.6,331,613,97.9,78.4,Sin Parada / Operación Continua,3706.85,5631.76,1924.91,Ninguno,Alta Eficiencia
EXP-0482,2024-04-26,Minera Chinalco Perú,Toromocho,Junín,Copper,Diamantina Superficial,RIG-DD-077,Día (12h),856,3.9,52.7,100.0,12.0,0.0,244,458,66.1,57.4,,2863.47,4433.91,1570.44,Ninguno,Alta Eficiencia
EXP-0483,2024-04-27,Compañía Minera Coimolache,Tantahuatay,Cajamarca,Gold-Copper,Diamantina Subterránea,RIG-DD-079,Noche (12h),365,6.9,17.94,89.9,11.5,0.5,248,624,104.1,30.8,Sin Parada / Operación Continua,1759.14,2428.59,669.45,Ninguno,Operación Normal
EXP-0484,2024-04-28,Gold Fields La Cima,Cerro Corona,Cajamarca,Gold-Copper,Diamantina Subterránea,RIG-DD-082,Noche (12h),1048,4.7,48.3,92.1,11.3,0.7,300,911,74.4,55.9,Sin Parada / Operación Continua,3056.62,4820.1,1763.48,Ninguno,Operación Normal
EXP-0485,2024-04-29,Nexa Resources Perú,El Porvenir / Atacocha,Pasco,Zinc-Lead,Diamantina Subterránea,RIG-DD-097,Día (12h),695,8.2,14.2,88.5,3.5,8.5,288,756,28.6,28.7,Mantenimiento Preventivo,2346.5,2082.49,-264.01,Ninguno,Mantenimiento / Parada
EXP-0486,2024-04-30,Nexa Resources Perú,El Porvenir / Atacocha,Pasco,Zinc-Lead,Diamantina Superficial,RIG-DD-006,Día (12h),789,7.9,26.75,89.1,10.7,1.3,426,1037,93.4,48.0,Espera Geología,1706.7,2337.76,631.06,Ninguno,Baja Eficiencia / Roca Dura
EXP-0487,2024-05-01,Marcobre S.A.C.,Mina Justa,Ica,Copper,Diamantina Subterránea,RIG-DD-091,Noche (12h),628,4.9,42.52,92.7,11.6,0.4,272,694,71.4,54.6,Sin Parada / Operación Continua,3071.62,4646.52,1574.9,Ninguno,Operación Normal
EXP-0488,2024-05-02,Marcobre S.A.C.,Mina Justa,Ica,Copper,Circulación Reversa,RIG-RC-002,Noche (12h),973,7.4,53.87,84.9,11.3,0.7,447,571,82.2,72.7,Sin Parada / Operación Continua,3227.89,4589.78,1361.89,Ninguno,Operación Normal
EXP-0489,2024-05-03,Volcan Compañía Minera,Chungar / Yauli,Junín,Zinc-Lead-Silver,Diamantina Superficial,RIG-DD-046,Noche (12h),362,7.5,13.32,86.4,11.3,0.7,282,634,84.5,28.8,Sin Parada / Operación Continua,1155.42,1530.76,375.34,Ninguno,Baja Eficiencia / Roca Dura
EXP-0490,2024-05-04,Minsur S.A.,San Rafael,Puno,Tin,Diamantina Superficial,RIG-DD-038,Noche (12h),565,8.4,8.0,88.8,12.0,0.0,291,481,81.0,29.2,Sin Parada / Operación Continua,912.16,1315.62,403.46,Ninguno,Baja Eficiencia / Roca Dura
EXP-0491,2024-05-05,Compañía Minera Coimolache,Tantahuatay,Cajamarca,Gold-Copper,Pozos de Agua,RIG-RC-014,Día (12h),1749,6.5,47.89,84.8,11.7,0.3,241,1018,86.9,60.8,Sin Parada / Operación Continua,2774.62,3852.69,1078.07,Ninguno,Operación Normal
EXP-0492,2024-05-06,Compañía Minera Antamina,Antamina,Áncash,Copper-Zinc,Diamantina Superficial,RIG-DD-100,Día (12h),1462,3.9,54.84,94.5,9.9,2.1,479,759,67.0,55.0,Espera Geología,3152.59,4521.22,1368.63,Ninguno,Alta Eficiencia
EXP-0493,2024-05-07,  Volcan Compañía Minera  ,Chungar / Yauli,Junín,Zinc-Lead-Silver,Circulación Reversa,RIG-RC-008,Día (12h),271,6.7,64.63,92.6,11.8,0.2,315,821,81.9,64.3,Sin Parada / Operación Continua,3274.5,5370.2,2095.7,Ninguno,Alta Eficiencia
EXP-0494,2024-05-08,Minera Barrick Misquichilca,Lagunas Norte,La Libertad,Gold,Diamantina Superficial,RIG-DD-062,Día (12h),1668,6.6,24.9,89.5,11.5,0.5,234,1105,94.0,37.8,Sin Parada / Operación Continua,1930.14,2554.27,624.13,Ninguno,Operación Normal
EXP-0495,2024-05-09,Compañía Minera Antamina,Antamina,Áncash,Copper-Zinc,Diamantina Superficial,RIG-DD-035,Día (12h),854,6.7,38.4,96.1,11.2,0.8,287,1045,89.9,53.5,Sin Parada / Operación Continua,2503.9,3209.87,705.97,Ninguno,Operación Normal
EXP-0496,2024-05-10,Minera Chinalco Perú,Toromocho,Junín,Copper,Circulación Reversa,RIG-RC-019,Día (12h),1732,5.0,80.56,87.8,9.4,2.6,437,505,60.4,87.5,Cambio de Broca,4557.39,6723.76,2166.37,Ninguno,Operación Normal
EXP-0497,2024-05-11,Gold Fields La Cima,Cerro Corona,Cajamarca,Gold-Copper,Diamantina Superficial,RIG-DD-030,Día (12h),468,7.8,16.18,84.5,10.4,1.6,432,722,94.5,45.3,Condición Climatológica,1285.51,1653.28,367.77,Ninguno,Baja Eficiencia / Roca Dura
EXP-0498,2024-05-12,Minera Barrick Misquichilca,Lagunas Norte,La Libertad,Gold,Diamantina Superficial,RIG-DD-078,Noche (12h),614,8.3,10.12,79.5,9.9,2.1,401,913,88.6,34.0,Falla Mecánica,980.89,1072.35,91.46,Ninguno,Baja Eficiencia / Roca Dura
EXP-0499,2024-05-13,Minera Barrick Misquichilca,Lagunas Norte,La Libertad,Gold,Diamantina Superficial,RIG-DD-084,Día (12h),1468,4.6,42.34,99.8,10.5,1.5,346,1127,79.1,51.9,Espera Geología,2810.54,3830.89,1020.35,Ninguno,Operación Normal
EXP-0500,2024-05-14,Volcan Compañía Minera,Chungar / Yauli,Junín,Zinc-Lead-Silver,Diamantina Subterránea,RIG-DD-025,Noche (12h),1215,3.9,53.57,92.4,9.9,2.1,339,905,71.6,61.1,Espera Geología,4056.16,5343.69,1287.53,Casi Accidente,Alta Eficiencia
EXP-0501,2024-05-15,Minsur S.A.,San Rafael,Puno,Tin,Diamantina Superficial,RIG-DD-040,Noche (12h),874,4.5,50.34,88.0,12.0,0.0,345,1119,84.1,45.2,Sin Parada / Operación Continua,2520.58,4284.36,1763.78,Ninguno,Operación Normal
EXP-0502,2024-05-16,Volcan Compañía Minera,Chungar / Yauli,Junín,Zinc-Lead-Silver,Diamantina Superficial,RIG-DD-088,Día (12h),1283,7.6,24.51,86.0,7.2,4.8,384,698,60.0,38.1,,2080.06,2076.58,-3.48,Ninguno,Mantenimiento / Parada
EXP-0503,2024-05-17,Minera Chinalco Perú,Toromocho,Junín,Copper,Pozos de Agua,RIG-RC-014,Día (12h),205,6.9,40.19,85.0,11.8,0.2,446,1147,96.6,54.7,Sin Parada / Operación Continua,2054.79,3428.1,1373.31,Ninguno,Operación Normal
EXP-0504,2024-05-18,Minsur S.A.,San Rafael,Puno,Tin,Diamantina Superficial,RIG-DD-026,Día (12h),1181,6.7,25.68,87.8,11.1,0.9,317,527,69.8,49.3,Sin Parada / Operación Continua,1783.15,2486.65,703.5,Ninguno,Operación Normal
EXP-0505,2024-05-19,Minera Chinalco Perú,Toromocho,Junín,Copper,Diamantina Subterránea,RIG-DD-102,Día (12h),769,5.5,32.31,92.1,9.3,2.7,427,983,76.1,46.6,Condición Climatológica,3010.25,3603.12,592.87,Ninguno,Operación Normal
EXP-0506,2024-05-20,Minsur S.A.,San Rafael,Puno,Tin,Diamantina Superficial,RIG-DD-087,Noche (12h),606,6.4,33.8,92.6,11.0,1.0,234,557,71.6,49.0,Espera Geología,2115.84,2977.79,861.95,Ninguno,Operación Normal
EXP-0507,2024-05-21,Nexa Resources Perú,El Porvenir / Atacocha,Pasco,Zinc-Lead,Diamantina Subterránea,RIG-DD-022,Día (12h),1440,5.0,31.46,92.5,6.7,5.3,388,722,37.3,40.1,Condición Climatológica,2737.51,3446.13,708.62,Ninguno,Mantenimiento / Parada
EXP-0508,2024-05-22,Minera Barrick Misquichilca,Lagunas Norte,La Libertad,Gold,Diamantina Superficial,RIG-DD-048,Día (12h),225,5.9,43.37,91.3,10.9,1.1,196,464,90.4,56.0,Falla Mecánica,2920.53,3588.81,668.28,Ninguno,Operación Normal
EXP-0509,2024-05-23,Compañía Minera Coimolache,Tantahuatay,Cajamarca,Gold-Copper,Pozos de Agua,RIG-RC-019,Día (12h),1228,7.5,25.78,86.3,8.3,3.7,247,819,67.1,41.0,Mantenimiento Preventivo,2268.18,2407.03,138.85,Ninguno,Baja Eficiencia / Roca Dura
EXP-0510,2024-05-24,Gold Fields La Cima,Cerro Corona,Cajamarca,Gold-Copper,Diamantina Superficial,RIG-DD-051,Noche (12h),1185,8.4,15.1,81.7,9.0,3.0,312,753,64.3,33.9,Cambio de Broca,1758.37,1904.45,146.08,Ninguno,Baja Eficiencia / Roca Dura
EXP-0511,2024-05-25,Minera Chinalco Perú,Toromocho,Junín,Copper,Diamantina Superficial,RIG-DD-003,Noche (12h),1755,8.2,16.25,81.1,4.9,7.1,367,1121,37.3,34.7,Falla Mecánica,2129.59,1929.02,-200.57,Ninguno,Mantenimiento / Parada
EXP-0512,2024-05-26,Compañía Minera Antamina,Antamina,Áncash,Copper-Zinc,Diamantina Superficial,RIG-DD-042,Noche (12h),589,8.2,26.68,85.5,7.3,4.7,317,654,67.8,53.5,Condición Climatológica,1975.25,2288.14,312.89,Ninguno,Mantenimiento / Parada
EXP-0513,2024-05-27,Minsur S.A.,San Rafael,Puno,Tin,Diamantina Superficial,RIG-DD-019,Día (12h),909,5.5,48.03,92.3,7.9,4.1,353,562,62.3,52.3,Condición Climatológica,3426.93,3820.12,393.19,Ninguno,Operación Normal
EXP-0514,2024-05-28,Gold Fields La Cima,Cerro Corona,Cajamarca,Gold-Copper,Diamantina Superficial,RIG-DD-073,Noche (12h),770,5.8,36.63,90.1,9.6,2.4,276,1129,78.1,45.9,Falla Mecánica,2695.7,3507.36,811.66,Ninguno,Operación Normal
EXP-0515,2024-05-29,Compañía Minera Antamina,Antamina,Áncash,Copper-Zinc,Diamantina Superficial,RIG-DD-028,Noche (12h),1671,7.0,33.73,83.6,11.2,0.8,350,702,64.5,51.5,Sin Parada / Operación Continua,2381.78,3045.8,664.02,Ninguno,Operación Normal
EXP-0516,2024-05-30,Gold Fields La Cima,Cerro Corona,Cajamarca,Gold-Copper,Diamantina Subterránea,RIG-DD-084,Noche (12h),953,8.1,27.11,87.4,11.8,0.2,333,890,72.7,42.5,Sin Parada / Operación Continua,2032.9,3098.15,1065.25,Ninguno,Baja Eficiencia / Roca Dura
EXP-0517,2024-05-31,Compañía Minera Coimolache,Tantahuatay,Cajamarca,Gold-Copper,Diamantina Superficial,RIG-DD-045,Noche (12h),345,4.2,54.08,99.5,9.9,2.1,362,635,66.4,58.8,Condición Climatológica,3308.98,4724.43,1415.45,Ninguno,Alta Eficiencia
EXP-0518,2024-06-01,Compañía Minera Antamina,Antamina,Áncash,Copper-Zinc,Diamantina Superficial,RIG-DD-071,Día (12h),1611,5.0,43.36,92.7,5.1,6.9,421,676,39.1,52.3,Cambio de Broca,3657.3,3640.81,-16.49,Ninguno,Mantenimiento / Parada
EXP-0519,2024-06-02,Volcan Compañía Minera,Chungar / Yauli,Junín,Zinc-Lead-Silver,Diamantina Subterránea,RIG-DD-078,Noche (12h),984,4.2,54.45,92.9,9.7,2.3,464,977,83.5,54.9,Cambio de Broca,4150.81,5661.89,1511.08,Ninguno,Alta Eficiencia
EXP-0520,2024-06-03,Marcobre S.A.C.,Mina Justa,Ica,Copper,Diamantina Subterránea,RIG-DD-063,Noche (12h),1472,6.6,23.89,89.6,7.2,4.8,206,1117,48.9,38.4,Condición Climatológica,2431.28,3050.75,619.47,Ninguno,Mantenimiento / Parada
EXP-0521,2024-06-04,Volcan Compañía Minera,Chungar / Yauli,Junín,Zinc-Lead-Silver,Diamantina Superficial,RIG-DD-073,Día (12h),725,5.0,45.57,89.7,9.1,2.9,239,803,63.0,48.3,Condición Climatológica,2856.87,4021.04,1164.17,Ninguno,Operación Normal
EXP-0522,2024-06-05,Marcobre S.A.C.,Mina Justa,Ica,Copper,Diamantina Superficial,RIG-DD-019,Día (12h),1685,5.1,42.33,89.3,11.7,0.3,381,1072,76.3,57.5,Sin Parada / Operación Continua,2381.04,3467.0,1085.96,Casi Accidente,Operación Normal
EXP-0523,2024-06-06,Volcan Compañía Minera,Chungar / Yauli,Junín,Zinc-Lead-Silver,Diamantina Superficial,RIG-DD-047,Noche (12h),212,3.9,50.68,96.6,11.5,0.5,429,450,75.0,55.2,Sin Parada / Operación Continua,2461.61,4080.94,1619.33,Ninguno,Operación Normal
EXP-0524,2024-06-07,Marcobre S.A.C.,Mina Justa,Ica,Copper,Diamantina Subterránea,RIG-DD-014,Día (12h),1102,5.2,29.59,95.6,11.2,0.8,248,1002,104.1,35.0,Sin Parada / Operación Continua,2203.37,3133.61,930.24,Ninguno,Operación Normal
EXP-0525,2024-06-08,Marcobre S.A.C.,Mina Justa,Ica,Copper,Diamantina Subterránea,RIG-DD-038,Noche (12h),583,7.8,14.38,87.0,11.7,0.3,200,1009,94.1,36.0,Sin Parada / Operación Continua,1380.92,2026.13,645.21,Ninguno,Baja Eficiencia / Roca Dura
EXP-0526,2024-06-09,Minera Barrick Misquichilca,Lagunas Norte,La Libertad,Gold,Diamantina Superficial,RIG-DD-053,Noche (12h),755,4.7,43.51,87.7,10.4,1.6,331,869,63.7,51.2,Cambio de Broca,2870.91,3640.48,769.57,Ninguno,Operación Normal
EXP-0527,2024-06-10,Minsur S.A.,San Rafael,Puno,Tin,Diamantina Subterránea,RIG-DD-061,Noche (12h),1086,7.0,36.16,90.1,5.3,6.7,281,1069,44.5,39.9,Condición Climatológica,3178.83,3648.03,469.2,Ninguno,Mantenimiento / Parada
EXP-0528,2024-06-11,Minsur S.A.,San Rafael,Puno,Tin,Diamantina Subterránea,RIG-DD-036,Día (12h),1622,6.6,34.49,96.0,9.4,2.6,274,610,78.8,55.2,Espera Geología,3451.47,4043.05,591.58,Ninguno,Operación Normal
EXP-0529,2024-06-12,Minera Barrick Misquichilca,Lagunas Norte,La Libertad,Gold,Diamantina Subterránea,RIG-DD-040,Noche (12h),218,7.8,30.12,86.7,11.0,1.0,408,610,89.8,43.6,Mantenimiento Preventivo,2069.04,3163.23,1094.19,Ninguno,Baja Eficiencia / Roca Dura
EXP-0530,2024-06-13,Gold Fields La Cima,Cerro Corona,Cajamarca,Gold-Copper,Circulación Reversa,RIG-RC-017,Día (12h),774,4.2,91.34,94.1,12.0,0.0,304,577,72.5,99.2,Sin Parada / Operación Continua,4926.64,7056.23,2129.59,Ninguno,Alta Eficiencia
EXP-0531,2024-06-14,Nexa Resources Perú,El Porvenir / Atacocha,Pasco,Zinc-Lead,Diamantina Superficial,RIG-DD-030,Noche (12h),1714,8.4,20.43,83.6,11.3,0.7,437,600,80.6,46.2,Sin Parada / Operación Continua,1204.86,1874.53,669.67,Ninguno,Baja Eficiencia / Roca Dura
EXP-0532,2024-06-15,Gold Fields La Cima,Cerro Corona,Cajamarca,Gold-Copper,Diamantina Superficial,RIG-DD-009,Día (12h),950,6.4,34.92,91.6,10.7,1.3,415,893,63.4,42.7,Espera Geología,2307.26,2960.02,652.76,Ninguno,Operación Normal
EXP-0533,2024-06-16,Compañía Minera Antamina,Antamina,Áncash,Copper-Zinc,Diamantina Superficial,RIG-DD-064,Noche (12h),1203,8.5,9.22,84.0,11.3,0.7,341,920,99.1,31.6,Sin Parada / Operación Continua,975.66,1144.7,169.04,Ninguno,Baja Eficiencia / Roca Dura
EXP-0534,2024-06-17,Compañía Minera Antamina,Antamina,Áncash,Copper-Zinc,Diamantina Superficial,RIG-DD-033,Noche (12h),618,8.1,36.09,89.9,11.8,0.2,221,912,95.8,59.0,Sin Parada / Operación Continua,2596.89,3458.98,862.09,Ninguno,Operación Normal
EXP-0535,2024-06-18,Marcobre S.A.C.,Mina Justa,Ica,Copper,Diamantina Superficial,RIG-DD-052,Noche (12h),1560,4.6,36.86,91.8,10.9,1.1,455,479,82.1,43.3,Condición Climatológica,2545.47,3492.01,946.54,Ninguno,Operación Normal
EXP-0536,2024-06-19,Volcan Compañía Minera,Chungar / Yauli,Junín,Zinc-Lead-Silver,Circulación Reversa,RIG-RC-014,Noche (12h),618,3.8,85.55,96.4,11.5,0.5,247,922,79.0,88.6,Sin Parada / Operación Continua,4724.44,6890.39,2165.95,Ninguno,Alta Eficiencia
EXP-0537,2024-06-20,Volcan Compañía Minera,Chungar / Yauli,Junín,Zinc-Lead-Silver,Diamantina Superficial,RIG-DD-075,Noche (12h),321,4.8,53.26,93.3,7.7,4.3,352,1006,48.0,56.9,Condición Climatológica,3833.48,4441.04,607.56,Ninguno,Alta Eficiencia
EXP-0538,2024-06-21,Minsur S.A.,San Rafael,Puno,Tin,Diamantina Superficial,RIG-DD-053,Noche (12h),631,6.1,42.97,95.5,11.8,0.2,304,529,69.9,53.7,Sin Parada / Operación Continua,2905.4,3755.76,850.36,Ninguno,Operación Normal
EXP-0539,2024-06-22,Minera Chinalco Perú,Toromocho,Junín,Copper,Diamantina Superficial,RIG-DD-099,Día (12h),243,4.4,40.56,95.4,11.9,0.1,349,488,,51.8,Sin Parada / Operación Continua,2647.38,3388.07,740.69,Ninguno,Operación Normal
EXP-0540,2024-06-23,Gold Fields La Cima,Cerro Corona,Cajamarca,Gold-Copper,Circulación Reversa,RIG-RC-009,Noche (12h),1540,4.3,77.24,98.6,12.0,0.0,226,689,75.6,80.3,Sin Parada / Operación Continua,3971.87,6024.31,2052.44,Ninguno,Alta Eficiencia
EXP-0541,2024-06-24,Compañía Minera Coimolache,Tantahuatay,Cajamarca,Gold-Copper,Diamantina Superficial,RIG-DD-059,Día (12h),580,5.8,32.21,91.7,11.3,0.7,440,1006,64.9,39.6,Sin Parada / Operación Continua,2558.06,3179.28,621.22,Ninguno,Operación Normal
EXP-0542,2024-06-25,Volcan Compañía Minera,Chungar / Yauli,Junín,Zinc-Lead-Silver,Diamantina Superficial,RIG-DD-078,Noche (12h),344,3.7,39.56,95.1,10.1,1.9,396,1039,94.4,46.2,Mantenimiento Preventivo,2232.09,3279.02,1046.93,Ninguno,Operación Normal
EXP-0543,2024-06-26,Compañía Minera Coimolache,Tantahuatay,Cajamarca,Gold-Copper,Diamantina Superficial,RIG-DD-094,Día (12h),1550,4.1,53.24,94.7,9.6,2.4,303,786,73.9,57.5,Condición Climatológica,3007.65,4312.04,1304.39,Casi Accidente,Alta Eficiencia
EXP-0544,2024-06-27,Marcobre S.A.C.,Mina Justa,Ica,Copper,Diamantina Superficial,RIG-DD-041,Día (12h),562,5.6,34.46,89.5,10.9,1.1,472,729,94.7,41.0,Mantenimiento Preventivo,1966.05,3067.98,1101.93,Ninguno,Operación Normal
EXP-0545,2024-06-28,Compañía Minera Coimolache,Tantahuatay,Cajamarca,Gold-Copper,Pozos de Agua,RIG-RC-004,Noche (12h),1273,3.8,66.64,97.0,9.9,2.1,341,565,56.2,60.0,Cambio de Broca,3736.45,5492.97,1756.52,Ninguno,Alta Eficiencia
EXP-0546,2024-06-29,Minera Barrick Misquichilca,Lagunas Norte,La Libertad,Gold,Pozos de Agua,RIG-RC-004,Día (12h),1288,5.5,45.92,,11.2,0.8,380,718,87.0,45.1,Sin Parada / Operación Continua,2777.31,3655.06,877.75,Ninguno,Operación Normal
EXP-0547,2024-06-30,Compañía Minera Coimolache,Tantahuatay,Cajamarca,Gold-Copper,Diamantina Superficial,RIG-DD-092,Día (12h),554,5.9,38.13,91.5,10.0,2.0,454,784,70.9,48.0,Mantenimiento Preventivo,2603.23,3148.52,545.29,Ninguno,Operación Normal
EXP-0548,2024-07-01,Nexa Resources Perú,El Porvenir / Atacocha,Pasco,Zinc-Lead,Pozos de Agua,RIG-RC-008,Noche (12h),999,5.8,34.82,94.0,11.9,0.1,385,761,102.2,46.1,Sin Parada / Operación Continua,2247.58,3038.39,790.81,Ninguno,Operación Normal
EXP-0549,2024-07-02,Marcobre S.A.C.,Mina Justa,Ica,Copper,Diamantina Subterránea,RIG-DD-002,Noche (12h),1387,7.8,23.52,92.2,11.1,0.9,219,502,62.8,45.5,Sin Parada / Operación Continua,2116.92,2844.64,727.72,Ninguno,Baja Eficiencia / Roca Dura
EXP-0550,2024-07-03,Gold Fields La Cima,Cerro Corona,Cajamarca,Gold-Copper,Circulación Reversa,RIG-RC-009,Noche (12h),1364,6.2,63.35,91.1,9.2,2.8,452,517,65.4,75.5,Mantenimiento Preventivo,3810.26,5088.3,1278.04,Ninguno,Operación Normal
EXP-0551,2024-07-04,Minera Barrick Misquichilca,Lagunas Norte,La Libertad,Gold,Diamantina Superficial,RIG-DD-086,Día (12h),1025,5.8,39.16,94.0,9.1,2.9,367,1143,79.1,48.0,Espera Geología,2795.29,3390.81,595.52,Ninguno,Operación Normal
EXP-0552,2024-07-05,Volcan Compañía Minera,Chungar / Yauli,Junín,Zinc-Lead-Silver,Diamantina Superficial,RIG-DD-041,Noche (12h),1351,5.6,55.41,94.0,9.7,2.3,272,483,73.6,62.6,Condición Climatológica,3362.91,4690.16,1327.25,Ninguno,Alta Eficiencia
EXP-0553,2024-07-06,Compañía Minera Antamina,Antamina,Áncash,Copper-Zinc,Diamantina Superficial,RIG-DD-055,Día (12h),597,7.6,15.68,86.7,11.6,0.4,221,835,89.3,32.1,Sin Parada / Operación Continua,1476.55,1909.16,432.61,Ninguno,Baja Eficiencia / Roca Dura
EXP-0554,2024-07-07,Gold Fields La Cima,Cerro Corona,Cajamarca,Gold-Copper,Diamantina Subterránea,RIG-DD-016,Noche (12h),1079,8.0,19.65,93.3,11.5,0.5,286,698,67.7,40.8,Sin Parada / Operación Continua,1678.6,2262.39,583.79,Ninguno,Baja Eficiencia / Roca Dura
EXP-0555,2024-07-08,Compañía Minera Antamina,Antamina,Áncash,Copper-Zinc,Diamantina Superficial,RIG-DD-093,Noche (12h),662,7.8,28.25,85.7,2.0,10.0,244,560,12.1,51.8,Cambio de Broca,2926.14,2398.88,-527.26,Ninguno,Mantenimiento / Parada
EXP-0556,2024-07-09,Marcobre S.A.C.,Mina Justa,Ica,Copper,Diamantina Superficial,RIG-DD-062,Noche (12h),1007,6.9,26.6,89.5,11.8,0.2,314,543,96.9,43.4,Sin Parada / Operación Continua,1734.11,2488.56,754.45,Ninguno,Operación Normal
EXP-0557,2024-07-10,Minera Barrick Misquichilca,Lagunas Norte,La Libertad,Gold,Diamantina Superficial,RIG-DD-048,Día (12h),386,4.2,64.04,99.0,11.6,0.4,203,859,95.1,71.8,Sin Parada / Operación Continua,4174.68,5451.03,1276.35,Ninguno,Alta Eficiencia
EXP-0558,2024-07-11,Minsur S.A.,San Rafael,Puno,Tin,Diamantina Subterránea,RIG-DD-030,Día (12h),931,4.9,51.23,97.5,11.7,0.3,207,628,110.2,62.2,Sin Parada / Operación Continua,3271.71,5132.77,1861.06,Ninguno,Operación Normal
EXP-0559,2024-07-12,Volcan Compañía Minera,Chungar / Yauli,Junín,Zinc-Lead-Silver,Diamantina Superficial,RIG-DD-012,Día (12h),1413,3.7,49.65,95.6,11.3,0.7,241,496,94.3,59.8,Sin Parada / Operación Continua,2826.09,4178.56,1352.47,Ninguno,Operación Normal
EXP-0560,2024-07-13,Nexa Resources Perú,El Porvenir / Atacocha,Pasco,Zinc-Lead,Diamantina Subterránea,RIG-DD-035,Día (12h),1611,8.2,21.03,89.6,11.6,0.4,452,1053,86.7,42.8,Sin Parada / Operación Continua,1672.43,2208.52,536.09,Incidente Menor,Baja Eficiencia / Roca Dura
EXP-0561,2024-07-14,Minsur S.A.,San Rafael,Puno,Tin,Pozos de Agua,RIG-RC-011,Día (12h),628,6.8,24.96,88.7,10.8,1.2,408,825,96.4,38.5,Falla Mecánica,1563.62,2092.14,528.52,Ninguno,Operación Normal
EXP-0562,2024-07-15,Marcobre S.A.C.,Mina Justa,Ica,Copper,Diamantina Superficial,RIG-DD-064,Noche (12h),1057,7.2,21.03,87.1,10.8,1.2,199,1036,63.9,42.2,Mantenimiento Preventivo,1710.48,2067.02,356.54,Ninguno,Baja Eficiencia / Roca Dura
EXP-0563,2024-07-16,Gold Fields La Cima,Cerro Corona,Cajamarca,Gold-Copper,Diamantina Subterránea,RIG-DD-050,Día (12h),1507,5.1,43.08,89.2,7.8,4.2,182,651,56.9,49.3,Falla Mecánica,3407.27,4471.52,1064.25,Ninguno,Operación Normal
EXP-0564,2024-07-17,Nexa Resources Perú,El Porvenir / Atacocha,Pasco,Zinc-Lead,Diamantina Superficial,RIG-DD-085,Noche (12h),436,7.7,33.51,89.8,11.9,0.1,397,894,79.1,54.0,Sin Parada / Operación Continua,2117.65,3220.31,1102.66,Ninguno,Operación Normal
EXP-0565,2024-07-18,Compañía Minera Coimolache,Tantahuatay,Cajamarca,Gold-Copper,Circulación Reversa,RIG-RC-005,Día (12h),1417,4.8,82.56,95.9,11.3,0.7,315,746,66.9,79.9,Sin Parada / Operación Continua,5201.29,6753.29,1552.0,Ninguno,Alta Eficiencia
EXP-0566,2024-07-19,Nexa Resources Perú,El Porvenir / Atacocha,Pasco,Zinc-Lead,Diamantina Superficial,RIG-DD-048,Noche (12h),1510,3.5,56.82,94.3,10.4,1.6,182,757,89.0,53.7,Condición Climatológica,3377.29,4733.86,1356.57,Ninguno,Alta Eficiencia
EXP-0567,2024-07-20,Marcobre S.A.C.,Mina Justa,Ica,Copper,Diamantina Subterránea,RIG-DD-020,Noche (12h),970,5.4,48.05,93.0,10.3,1.7,372,942,77.7,62.3,Mantenimiento Preventivo,3626.62,5009.51,1382.89,Ninguno,Operación Normal
EXP-0568,2024-07-21,Minera Chinalco Perú,Toromocho,Junín,Copper,Diamantina Subterránea,RIG-DD-101,Día (12h),957,6.4,35.95,98.2,10.8,1.2,252,787,83.5,44.1,Falla Mecánica,2674.35,3913.6,1239.25,Ninguno,Operación Normal
EXP-0569,2024-07-22,Compañía Minera Coimolache,Tantahuatay,Cajamarca,Gold-Copper,Circulación Reversa,RIG-RC-003,Día (12h),335,5.9,58.44,94.6,9.0,3.0,297,1095,64.3,71.5,Espera Geología,3287.15,4607.26,1320.11,Ninguno,Alta Eficiencia
EXP-0570,2024-07-23,Compañía Minera Antamina,Antamina,Áncash,Copper-Zinc,Diamantina Subterránea,RIG-DD-044,Noche (12h),991,7.8,21.44,84.7,11.9,0.1,333,515,87.4,44.2,Sin Parada / Operación Continua,1983.76,2772.48,788.72,Ninguno,Baja Eficiencia / Roca Dura
EXP-0571,2024-07-24,Volcan Compañía Minera,Chungar / Yauli,Junín,Zinc-Lead-Silver,Diamantina Superficial,RIG-DD-033,Día (12h),370,4.0,52.41,98.0,9.0,3.0,388,871,53.7,56.1,Falla Mecánica,3216.61,4729.73,1513.12,Ninguno,Alta Eficiencia
EXP-0572,2024-07-25,Compañía Minera Antamina,Antamina,Áncash,Copper-Zinc,Diamantina Subterránea,RIG-DD-073,Noche (12h),358,6.3,40.69,87.7,10.8,1.2,213,989,88.5,43.3,Espera Geología,3299.27,4174.44,875.17,Ninguno,Operación Normal
EXP-0573,2024-07-26,Nexa Resources Perú,El Porvenir / Atacocha,Pasco,Zinc-Lead,Circulación Reversa,RIG-RC-009,Noche (12h),400,6.1,61.67,82.1,11.7,0.3,316,1078,84.6,77.1,Sin Parada / Operación Continua,3639.76,4897.48,1257.72,Ninguno,Operación Normal
EXP-0574,2024-07-27,Compañía Minera Antamina,Antamina,Áncash,Copper-Zinc,Diamantina Subterránea,RIG-DD-068,Noche (12h),1710,4.9,38.5,93.1,8.1,3.9,299,942,71.0,42.1,Cambio de Broca,2905.77,3943.65,1037.88,Incidente Menor,Operación Normal
EXP-0575,2024-07-28,Marcobre S.A.C.,Mina Justa,Ica,Copper,Diamantina Superficial,RIG-DD-035,Día (12h),1780,7.6,23.84,92.5,10.1,1.9,294,766,63.5,47.4,Condición Climatológica,1942.07,2384.62,442.55,Ninguno,Baja Eficiencia / Roca Dura
EXP-0576,2024-07-29,Gold Fields La Cima,Cerro Corona,Cajamarca,Gold-Copper,Circulación Reversa,RIG-RC-017,Noche (12h),1161,7.3,51.44,92.6,11.7,0.3,192,1075,73.9,61.3,Sin Parada / Operación Continua,3156.75,4454.86,1298.11,Ninguno,Operación Normal
EXP-0577,2024-07-30,Volcan Compañía Minera,Chungar / Yauli,Junín,Zinc-Lead-Silver,Diamantina Subterránea,RIG-DD-098,Noche (12h),782,7.2,24.81,89.7,11.9,0.1,248,524,96.2,38.4,Sin Parada / Operación Continua,1903.25,3065.7,1162.45,Ninguno,Baja Eficiencia / Roca Dura
EXP-0578,2024-07-31,Compañía Minera Antamina,Antamina,Áncash,Copper-Zinc,Diamantina Subterránea,RIG-DD-088,Noche (12h),1727,7.9,21.15,,11.7,0.3,436,508,103.9,44.7,Sin Parada / Operación Continua,1724.37,2660.35,935.98,Ninguno,Baja Eficiencia / Roca Dura
EXP-0579,2024-08-01,Compañía Minera Antamina,Antamina,Áncash,Copper-Zinc,Diamantina Superficial,RIG-DD-096,Día (12h),1075,7.1,25.14,90.3,10.3,1.7,268,835,76.1,44.9,Falla Mecánica,1762.74,2355.31,592.57,Ninguno,Baja Eficiencia / Roca Dura
EXP-0580,2024-08-02,Nexa Resources Perú,El Porvenir / Atacocha,Pasco,Zinc-Lead,Diamantina Subterránea,RIG-DD-065,Noche (12h),570,4.7,55.11,92.8,11.6,0.4,226,464,97.5,54.3,Sin Parada / Operación Continua,4225.4,5803.16,1577.76,Ninguno,Alta Eficiencia
EXP-0581,2024-08-03,Gold Fields La Cima,Cerro Corona,Cajamarca,Gold-Copper,Diamantina Superficial,RIG-DD-008,Día (12h),302,7.0,40.31,87.5,11.5,0.5,439,680,109.2,61.8,Sin Parada / Operación Continua,2633.52,3636.22,1002.7,Ninguno,Operación Normal
EXP-0582,2024-08-04,Minsur S.A.,San Rafael,Puno,Tin,Diamantina Subterránea,RIG-DD-045,Noche (12h),1201,5.0,51.9,96.2,12.0,0.0,407,1066,113.5,57.2,Sin Parada / Operación Continua,3732.99,5438.14,1705.15,Ninguno,Operación Normal
EXP-0583,2024-08-05,Compañía Minera Antamina,Antamina,Áncash,Copper-Zinc,Diamantina Superficial,RIG-DD-087,Día (12h),1348,4.7,33.23,92.0,9.7,2.3,359,1126,82.2,42.1,Mantenimiento Preventivo,2460.64,2977.64,517.0,Ninguno,Operación Normal
EXP-0584,2024-08-06,Marcobre S.A.C.,Mina Justa,Ica,Copper,Diamantina Subterránea,RIG-DD-047,Noche (12h),1536,3.9,48.66,98.6,9.0,3.0,189,648,76.1,50.8,Condición Climatológica,4171.4,5209.76,1038.36,Ninguno,Operación Normal
EXP-0585,2024-08-07,Minera Chinalco Perú,Toromocho,Junín,Copper,Pozos de Agua,RIG-RC-008,Día (12h),1175,7.2,25.97,86.8,9.1,2.9,463,803,59.1,37.7,Falla Mecánica,2094.43,2482.23,387.8,Ninguno,Baja Eficiencia / Roca Dura
EXP-0586,2024-08-08,Volcan Compañía Minera,Chungar / Yauli,Junín,Zinc-Lead-Silver,Diamantina Superficial,RIG-DD-076,Noche (12h),997,7.1,13.43,95.0,11.8,0.2,305,484,104.2,36.2,Sin Parada / Operación Continua,1199.13,1593.62,394.49,Ninguno,Baja Eficiencia / Roca Dura
EXP-0587,2024-08-09,Compañía Minera Antamina,Antamina,Áncash,Copper-Zinc,Pozos de Agua,RIG-RC-012,Noche (12h),1681,4.7,40.39,88.7,7.8,4.2,313,611,55.5,49.2,Mantenimiento Preventivo,2830.7,3596.96,766.26,Casi Accidente,Operación Normal
EXP-0588,2024-08-10,Marcobre S.A.C.,Mina Justa,Ica,Copper,Diamantina Superficial,RIG-DD-046,Noche (12h),1453,7.2,25.87,85.7,10.0,2.0,334,920,93.5,39.1,Mantenimiento Preventivo,2184.9,2571.77,386.87,Ninguno,Baja Eficiencia / Roca Dura
EXP-0589,2024-08-11,Marcobre S.A.C.,Mina Justa,Ica,Copper,Circulación Reversa,RIG-RC-015,Noche (12h),857,8.1,46.61,86.3,7.9,4.1,427,980,46.0,67.9,Mantenimiento Preventivo,3361.17,4081.43,720.26,Ninguno,Operación Normal
EXP-0590,2024-08-12,Volcan Compañía Minera,Chungar / Yauli,Junín,Zinc-Lead-Silver,Diamantina Subterránea,RIG-DD-015,Día (12h),1081,4.0,53.07,89.0,10.9,1.1,319,872,79.0,56.5,Mantenimiento Preventivo,4266.43,5553.5,1287.07,Ninguno,Operación Normal
EXP-0591,2024-08-13,Minsur S.A.,San Rafael,Puno,Tin,Diamantina Subterránea,RIG-DD-105,Noche (12h),1420,4.7,36.35,85.9,11.0,1.0,355,797,85.0,44.8,Falla Mecánica,2919.98,4062.33,1142.35,Ninguno,Operación Normal
EXP-0592,2024-08-14,Marcobre S.A.C.,Mina Justa,Ica,Copper,Diamantina Subterránea,RIG-DD-019,Día (12h),932,7.3,22.92,82.5,9.2,2.8,353,1143,65.5,49.9,,1986.96,2647.09,660.13,Ninguno,Baja Eficiencia / Roca Dura
EXP-0593,2024-08-15,Minera Chinalco Perú,Toromocho,Junín,Copper,Circulación Reversa,RIG-RC-020,Noche (12h),622,4.9,77.02,92.3,11.8,0.2,253,596,74.8,70.8,,4238.54,6121.5,1882.96,Ninguno,Alta Eficiencia
EXP-0594,2024-08-16,Marcobre S.A.C.,Mina Justa,Ica,Copper,Diamantina Superficial,RIG-DD-093,Noche (12h),771,6.6,32.28,89.0,10.7,1.3,322,823,84.2,38.6,Espera Geología,1871.27,2621.85,750.58,Ninguno,Operación Normal
EXP-0595,2024-08-17,Marcobre S.A.C.,Mina Justa,Ica,Copper,Diamantina Superficial,RIG-DD-022,Noche (12h),370,3.9,57.38,96.2,8.7,3.3,471,1137,74.2,52.5,Espera Geología,3878.0,4839.48,961.48,Ninguno,Alta Eficiencia
EXP-0596,2024-08-18,Marcobre S.A.C.,Mina Justa,Ica,Copper,Diamantina Subterránea,RIG-DD-104,Día (12h),1605,5.8,41.71,90.8,8.8,3.2,291,1124,71.1,54.0,Espera Geología,3433.58,4516.84,1083.26,Ninguno,Operación Normal
EXP-0597,2024-08-19,Minsur S.A.,San Rafael,Puno,Tin,Diamantina Subterránea,RIG-DD-021,Noche (12h),372,7.2,24.14,89.5,6.4,5.6,385,865,41.2,39.9,Cambio de Broca,2970.85,3076.53,105.68,Ninguno,Mantenimiento / Parada
EXP-0598,2024-08-20,Compañía Minera Antamina,Antamina,Áncash,Copper-Zinc,Diamantina Subterránea,RIG-DD-051,Noche (12h),862,6.9,30.76,87.8,9.8,2.2,310,1136,82.6,44.9,Mantenimiento Preventivo,2653.5,3339.09,685.59,Ninguno,Operación Normal
EXP-0599,2024-08-21,Marcobre S.A.C.,Mina Justa,Ica,Copper,Diamantina Subterránea,RIG-DD-038,Día (12h),652,7.6,17.8,89.9,11.6,0.4,289,943,75.7,32.9,,1573.21,2127.48,554.27,Incidente Menor,Baja Eficiencia / Roca Dura
EXP-0600,2024-08-22,Gold Fields La Cima,Cerro Corona,Cajamarca,Gold-Copper,Diamantina Superficial,RIG-DD-020,Noche (12h),549,7.9,19.64,89.0,12.0,0.0,246,1008,74.4,48.4,Sin Parada / Operación Continua,1118.49,1794.08,675.59,Ninguno,Baja Eficiencia / Roca Dura
EXP-0601,2024-08-23,Compañía Minera Antamina,Antamina,Áncash,Copper-Zinc,Diamantina Subterránea,RIG-DD-029,Día (12h),693,7.4,17.36,87.2,10.8,1.2,265,705,89.2,46.7,,1613.43,1891.52,278.09,Ninguno,Baja Eficiencia / Roca Dura
EXP-0602,2024-08-24,Minsur S.A.,San Rafael,Puno,Tin,Diamantina Superficial,RIG-DD-051,Día (12h),819,6.9,38.32,90.8,10.7,1.3,454,1135,94.9,57.1,Condición Climatológica,2803.37,3537.68,734.31,Ninguno,Operación Normal
EXP-0603,2024-08-25,Minera Barrick Misquichilca,Lagunas Norte,La Libertad,Gold,Diamantina Superficial,RIG-DD-004,Día (12h),1227,3.7,53.21,95.0,11.5,0.5,406,552,85.4,47.9,Sin Parada / Operación Continua,3262.47,4340.56,1078.09,Ninguno,Alta Eficiencia
EXP-0604,2024-08-26,  Compañía Minera Antamina  ,Antamina,Áncash,Copper-Zinc,Diamantina Superficial,RIG-DD-055,Día (12h),1316,6.2,43.91,86.0,11.8,0.2,189,570,90.0,52.8,Sin Parada / Operación Continua,2516.82,3858.59,1341.77,Ninguno,Operación Normal
EXP-0605,2024-08-27,Compañía Minera Antamina,Antamina,Áncash,Copper-Zinc,Diamantina Superficial,RIG-DD-071,Noche (12h),1118,3.7,57.89,98.3,10.4,1.6,467,868,69.8,63.5,Espera Geología,3596.31,4954.41,1358.1,Ninguno,Alta Eficiencia
EXP-0606,2024-08-28,Compañía Minera Coimolache,Tantahuatay,Cajamarca,Gold-Copper,Diamantina Superficial,RIG-DD-092,Día (12h),205,7.5,17.91,85.3,9.4,2.6,291,799,70.3,37.2,Espera Geología,1421.14,1825.99,404.85,Ninguno,Baja Eficiencia / Roca Dura
EXP-0607,2024-08-29,Nexa Resources Perú,El Porvenir / Atacocha,Pasco,Zinc-Lead,Diamantina Superficial,RIG-DD-028,Día (12h),487,5.1,46.21,95.5,3.0,9.0,203,1106,18.1,58.3,Mantenimiento Preventivo,3962.52,4191.56,229.04,Ninguno,Mantenimiento / Parada
EXP-0608,2024-08-30,Compañía Minera Coimolache,Tantahuatay,Cajamarca,Gold-Copper,Diamantina Subterránea,RIG-DD-004,Día (12h),1369,6.3,41.08,91.4,9.4,2.6,470,491,87.6,59.4,Espera Geología,2973.42,4368.88,1395.46,Ninguno,Operación Normal
EXP-0609,2024-08-31,Minera Chinalco Perú,Toromocho,Junín,Copper,Diamantina Superficial,RIG-DD-022,Noche (12h),1647,4.9,45.18,92.9,9.2,2.8,347,816,80.1,61.9,Mantenimiento Preventivo,2932.3,3759.45,827.15,Ninguno,Operación Normal
EXP-0610,2024-09-01,Nexa Resources Perú,El Porvenir / Atacocha,Pasco,Zinc-Lead,Diamantina Superficial,RIG-DD-076,Noche (12h),807,7.4,26.39,82.6,10.3,1.7,288,478,84.2,40.9,Mantenimiento Preventivo,2132.28,2716.86,584.58,Ninguno,Baja Eficiencia / Roca Dura
EXP-0611,2024-09-02,Volcan Compañía Minera,Chungar / Yauli,Junín,Zinc-Lead-Silver,Diamantina Superficial,RIG-DD-045,Día (12h),656,7.9,17.39,91.8,4.3,7.7,369,463,32.9,38.6,Mantenimiento Preventivo,2254.02,2021.19,-232.83,Ninguno,Mantenimiento / Parada
EXP-0612,2024-09-03,Volcan Compañía Minera,Chungar / Yauli,Junín,Zinc-Lead-Silver,Diamantina Superficial,RIG-DD-067,Día (12h),1425,5.5,41.19,,10.2,1.8,375,934,88.4,48.6,Falla Mecánica,2518.63,3387.67,869.04,Ninguno,Operación Normal
EXP-0613,2024-09-04,Minsur S.A.,San Rafael,Puno,Tin,Diamantina Superficial,RIG-DD-086,Noche (12h),1435,7.8,24.5,89.3,8.5,3.5,212,638,63.6,33.8,Falla Mecánica,1970.34,2053.08,82.74,Ninguno,Baja Eficiencia / Roca Dura
EXP-0614,2024-09-05,Nexa Resources Perú,El Porvenir / Atacocha,Pasco,Zinc-Lead,Diamantina Superficial,RIG-DD-066,Día (12h),1229,4.8,41.97,93.1,6.8,5.2,384,744,45.6,52.9,Falla Mecánica,2670.87,3401.74,730.87,Ninguno,Mantenimiento / Parada
EXP-0615,2024-09-06,Compañía Minera Antamina,Antamina,Áncash,Copper-Zinc,Diamantina Subterránea,RIG-DD-088,Día (12h),823,6.2,26.77,89.8,7.2,4.8,361,632,44.2,43.7,Falla Mecánica,2728.34,2915.08,186.74,Ninguno,Mantenimiento / Parada
EXP-0616,2024-09-07,Volcan Compañía Minera,Chungar / Yauli,Junín,Zinc-Lead-Silver,Diamantina Subterránea,RIG-DD-034,Día (12h),575,7.8,32.9,88.0,11.1,0.9,326,997,89.8,48.1,Sin Parada / Operación Continua,2508.63,3908.86,1400.23,Ninguno,Operación Normal
EXP-0617,2024-09-08,Marcobre S.A.C.,Mina Justa,Ica,Copper,Diamantina Subterránea,RIG-DD-091,Noche (12h),646,5.1,49.03,92.9,11.9,0.1,447,486,109.7,48.2,Sin Parada / Operación Continua,3062.04,5192.96,2130.92,Ninguno,Operación Normal
EXP-0618,2024-09-09,Gold Fields La Cima,Cerro Corona,Cajamarca,Gold-Copper,Diamantina Superficial,RIG-DD-055,Día (12h),1034,8.3,14.22,85.6,11.7,0.3,190,463,71.5,34.8,Sin Parada / Operación Continua,955.79,1490.46,534.67,Ninguno,Baja Eficiencia / Roca Dura
EXP-0619,2024-09-10,Compañía Minera Antamina,Antamina,Áncash,Copper-Zinc,Diamantina Superficial,RIG-DD-105,Noche (12h),1329,4.1,53.96,94.6,11.9,0.1,249,1084,74.0,60.9,Sin Parada / Operación Continua,3515.95,4780.23,1264.28,Ninguno,Alta Eficiencia
EXP-0620,2024-09-11,  Minera Chinalco Perú  ,Toromocho,Junín,Copper,Circulación Reversa,RIG-RC-001,Día (12h),1010,3.6,74.37,97.1,11.8,0.2,435,1044,85.4,79.5,,4022.96,6049.63,2026.67,Ninguno,Alta Eficiencia
EXP-0621,2024-09-12,Marcobre S.A.C.,Mina Justa,Ica,Copper,Diamantina Superficial,RIG-DD-072,Noche (12h),1624,8.0,8.0,88.5,11.6,0.4,398,608,101.2,27.1,Sin Parada / Operación Continua,794.31,989.14,194.83,Ninguno,Baja Eficiencia / Roca Dura
EXP-0622,2024-09-13,Marcobre S.A.C.,Mina Justa,Ica,Copper,Diamantina Superficial,RIG-DD-087,Día (12h),1319,3.8,63.27,95.5,11.2,0.8,476,943,74.8,69.7,Sin Parada / Operación Continua,3870.01,5509.98,1639.97,Ninguno,Alta Eficiencia
EXP-0623,2024-09-14,Nexa Resources Perú,El Porvenir / Atacocha,Pasco,Zinc-Lead,Diamantina Superficial,RIG-DD-038,Noche (12h),1611,8.5,18.84,87.9,10.6,1.4,438,778,69.1,44.3,Cambio de Broca,1408.62,2122.71,714.09,Ninguno,Baja Eficiencia / Roca Dura
EXP-0624,2024-09-15,Minsur S.A.,San Rafael,Puno,Tin,Diamantina Superficial,RIG-DD-006,Día (12h),1158,8.3,18.22,85.1,9.8,2.2,182,1063,78.2,42.1,Condición Climatológica,1763.27,2072.7,309.43,Ninguno,Baja Eficiencia / Roca Dura
EXP-0625,2024-09-16,Minera Chinalco Perú,Toromocho,Junín,Copper,Diamantina Superficial,RIG-DD-086,Día (12h),1675,4.2,53.26,100.0,11.6,0.4,263,532,88.7,50.5,Sin Parada / Operación Continua,2758.34,4501.87,1743.53,Ninguno,Alta Eficiencia
EXP-0626,2024-09-17,Volcan Compañía Minera,Chungar / Yauli,Junín,Zinc-Lead-Silver,Diamantina Superficial,RIG-DD-025,Noche (12h),1048,6.2,61.21,95.1,10.0,2.0,335,1005,57.4,63.4,Condición Climatológica,4124.48,5264.41,1139.93,Ninguno,Alta Eficiencia
EXP-0627,2024-09-18,Nexa Resources Perú,El Porvenir / Atacocha,Pasco,Zinc-Lead,Diamantina Subterránea,RIG-DD-082,Día (12h),1008,4.4,56.75,96.5,9.8,2.2,330,1029,57.1,56.3,Mantenimiento Preventivo,3760.94,5698.86,1937.92,Ninguno,Alta Eficiencia
EXP-0628,2024-09-19,Volcan Compañía Minera,Chungar / Yauli,Junín,Zinc-Lead-Silver,Diamantina Superficial,RIG-DD-017,Noche (12h),1178,5.6,31.84,86.0,10.5,1.5,355,1009,84.8,41.7,Espera Geología,2083.08,2931.93,848.85,Casi Accidente,Operación Normal
EXP-0629,2024-09-20,Nexa Resources Perú,El Porvenir / Atacocha,Pasco,Zinc-Lead,Diamantina Subterránea,RIG-DD-061,Noche (12h),615,3.8,41.16,97.2,7.8,4.2,374,1018,57.4,54.7,Falla Mecánica,3945.97,4700.51,754.54,Ninguno,Operación Normal
EXP-0630,2024-09-21,Nexa Resources Perú,El Porvenir / Atacocha,Pasco,Zinc-Lead,Diamantina Subterránea,RIG-DD-012,Noche (12h),925,4.6,56.64,92.8,11.8,0.2,286,1036,110.7,57.7,Sin Parada / Operación Continua,4460.51,5755.38,1294.87,Ninguno,Alta Eficiencia
EXP-0631,2024-09-22,Nexa Resources Perú,El Porvenir / Atacocha,Pasco,Zinc-Lead,Diamantina Subterránea,RIG-DD-006,Día (12h),1727,5.3,49.45,89.5,11.6,0.4,313,471,95.3,61.0,Sin Parada / Operación Continua,3564.37,5374.36,1809.99,Ninguno,Operación Normal
EXP-0632,2024-09-23,Minsur S.A.,San Rafael,Puno,Tin,Diamantina Subterránea,RIG-DD-090,Noche (12h),653,5.7,44.0,90.5,11.0,1.0,455,581,60.9,51.4,Condición Climatológica,3606.46,4674.29,1067.83,Ninguno,Operación Normal
EXP-0633,2024-09-24,Nexa Resources Perú,El Porvenir / Atacocha,Pasco,Zinc-Lead,Pozos de Agua,RIG-RC-008,Día (12h),1514,8.4,11.3,83.6,11.8,0.2,334,914,87.6,37.0,Sin Parada / Operación Continua,686.28,1071.38,385.1,Ninguno,Baja Eficiencia / Roca Dura
EXP-0634,2024-09-25,Minera Barrick Misquichilca,Lagunas Norte,La Libertad,Gold,Diamantina Superficial,RIG-DD-083,Noche (12h),1757,7.5,27.91,89.5,10.5,1.5,456,905,75.2,45.4,Condición Climatológica,2219.73,2751.06,531.33,Ninguno,Baja Eficiencia / Roca Dura
EXP-0635,2024-09-26,Gold Fields La Cima,Cerro Corona,Cajamarca,Gold-Copper,Diamantina Superficial,RIG-DD-065,Noche (12h),1416,7.2,21.61,93.4,11.1,0.9,415,751,65.8,40.5,Sin Parada / Operación Continua,1475.42,1921.89,446.47,Ninguno,Baja Eficiencia / Roca Dura
EXP-0636,2024-09-27,Volcan Compañía Minera,Chungar / Yauli,Junín,Zinc-Lead-Silver,Diamantina Superficial,RIG-DD-057,Noche (12h),349,6.2,40.7,93.1,11.4,0.6,419,716,104.8,54.4,Sin Parada / Operación Continua,2318.19,3631.38,1313.19,Ninguno,Operación Normal
EXP-0637,2024-09-28,Compañía Minera Antamina,Antamina,Áncash,Copper-Zinc,Diamantina Subterránea,RIG-DD-093,Día (12h),958,7.7,31.26,95.9,11.7,0.3,192,844,102.0,47.9,Sin Parada / Operación Continua,2099.12,3221.1,1121.98,Ninguno,Baja Eficiencia / Roca Dura
EXP-0638,2024-09-29,Compañía Minera Coimolache,Tantahuatay,Cajamarca,Gold-Copper,Circulación Reversa,RIG-RC-013,Noche (12h),978,5.2,69.05,87.9,11.3,0.7,214,569,72.5,75.0,Sin Parada / Operación Continua,3689.91,5946.87,2256.96,Ninguno,Operación Normal
EXP-0639,2024-09-30,Minera Chinalco Perú,Toromocho,Junín,Copper,Diamantina Superficial,RIG-DD-099,Día (12h),1172,7.0,38.05,87.5,10.3,1.7,226,695,67.2,58.9,Falla Mecánica,2324.0,3228.78,904.78,Ninguno,Operación Normal
EXP-0640,2024-10-01,Minsur S.A.,San Rafael,Puno,Tin,Circulación Reversa,RIG-RC-008,Noche (12h),962,8.5,47.92,83.2,10.5,1.5,393,1017,59.1,61.7,Cambio de Broca,2619.39,3929.88,1310.49,Ninguno,Operación Normal
EXP-0641,2024-10-02,Compañía Minera Antamina,Antamina,Áncash,Copper-Zinc,Diamantina Superficial,RIG-DD-014,Día (12h),1201,5.1,48.13,96.5,11.7,0.3,325,487,78.2,61.3,Sin Parada / Operación Continua,2791.27,3887.23,1095.96,Ninguno,Operación Normal
EXP-0642,2024-10-03,Marcobre S.A.C.,Mina Justa,Ica,Copper,Circulación Reversa,RIG-RC-003,Noche (12h),1738,6.9,49.32,88.5,11.8,0.2,338,694,92.5,60.5,Sin Parada / Operación Continua,3503.04,4466.6,963.56,Ninguno,Operación Normal
EXP-0643,2024-10-04,Minera Barrick Misquichilca,Lagunas Norte,La Libertad,Gold,Diamantina Superficial,RIG-DD-048,Noche (12h),1616,7.7,25.26,88.2,12.0,0.0,304,470,86.2,42.3,Sin Parada / Operación Continua,1468.61,2521.64,1053.03,Ninguno,Baja Eficiencia / Roca Dura
EXP-0644,2024-10-05,Compañía Minera Coimolache,Tantahuatay,Cajamarca,Gold-Copper,Diamantina Superficial,RIG-DD-084,Noche (12h),1539,8.1,14.8,88.7,12.0,0.0,289,559,112.5,40.1,Sin Parada / Operación Continua,1207.76,1755.0,547.24,Ninguno,Baja Eficiencia / Roca Dura
EXP-0645,2024-10-06,Compañía Minera Antamina,Antamina,Áncash,Copper-Zinc,Diamantina Superficial,RIG-DD-056,Día (12h),275,7.1,32.0,84.4,8.2,3.8,216,1055,46.9,46.3,Cambio de Broca,2470.48,2899.64,429.16,Ninguno,Operación Normal
EXP-0646,2024-10-07,Compañía Minera Antamina,Antamina,Áncash,Copper-Zinc,Diamantina Superficial,RIG-DD-049,Noche (12h),798,4.9,57.54,91.3,11.9,0.1,456,843,93.6,64.2,Sin Parada / Operación Continua,3673.9,4800.34,1126.44,Ninguno,Operación Normal
EXP-0647,2024-10-08,Minera Barrick Misquichilca,Lagunas Norte,La Libertad,Gold,Diamantina Superficial,RIG-DD-013,Día (12h),1493,5.1,46.52,95.8,9.6,2.4,193,859,85.8,55.2,Condición Climatológica,2845.92,3755.01,909.09,Ninguno,Operación Normal
EXP-0648,2024-10-09,Compañía Minera Coimolache,Tantahuatay,Cajamarca,Gold-Copper,Diamantina Superficial,RIG-DD-061,Día (12h),424,3.6,48.99,94.2,8.3,3.7,411,1097,61.6,41.2,Cambio de Broca,3343.7,4210.15,866.45,Ninguno,Operación Normal
EXP-0649,2024-10-10,Marcobre S.A.C.,Mina Justa,Ica,Copper,Diamantina Subterránea,RIG-DD-102,Día (12h),1753,7.3,31.61,,11.8,0.2,303,457,65.0,50.3,Sin Parada / Operación Continua,2283.75,3351.1,1067.35,Ninguno,Baja Eficiencia / Roca Dura
EXP-0650,2024-10-11,Nexa Resources Perú,El Porvenir / Atacocha,Pasco,Zinc-Lead,Diamantina Superficial,RIG-DD-049,Día (12h),312,3.7,58.61,92.9,11.0,1.0,458,893,71.2,52.7,Falla Mecánica,3404.28,5182.04,1777.76,Ninguno,Alta Eficiencia
EXP-0651,2024-10-12,Volcan Compañía Minera,Chungar / Yauli,Junín,Zinc-Lead-Silver,Diamantina Superficial,RIG-DD-046,Día (12h),450,7.8,39.07,86.5,6.1,5.9,290,777,41.4,49.1,Condición Climatológica,2841.19,3608.2,767.01,Ninguno,Mantenimiento / Parada
EXP-0652,2024-10-13,Marcobre S.A.C.,Mina Justa,Ica,Copper,Diamantina Subterránea,RIG-DD-062,Noche (12h),1456,4.1,54.23,95.3,8.8,3.2,303,739,82.4,59.3,Falla Mecánica,4089.46,5599.65,1510.19,Ninguno,Alta Eficiencia
EXP-0653,2024-10-14,Nexa Resources Perú,El Porvenir / Atacocha,Pasco,Zinc-Lead,Diamantina Subterránea,RIG-DD-008,Día (12h),1040,4.4,45.12,94.0,10.8,1.2,209,960,98.8,53.5,Cambio de Broca,2846.92,4577.2,1730.28,Casi Accidente,Operación Normal
EXP-0654,2024-10-15,Minsur S.A.,San Rafael,Puno,Tin,Diamantina Superficial,RIG-DD-043,Día (12h),913,5.9,43.97,89.4,9.4,2.6,294,810,87.4,60.4,Falla Mecánica,3050.97,3968.95,917.98,Ninguno,Operación Normal
EXP-0655,2024-10-16,  Gold Fields La Cima  ,Cerro Corona,Cajamarca,Gold-Copper,Diamantina Superficial,RIG-DD-020,Noche (12h),1306,7.2,26.38,91.4,8.8,3.2,269,1048,77.5,38.1,Cambio de Broca,1828.39,2251.73,423.34,Ninguno,Baja Eficiencia / Roca Dura
EXP-0656,2024-10-17,Minera Chinalco Perú,Toromocho,Junín,Copper,Diamantina Superficial,RIG-DD-097,Día (12h),324,4.2,52.04,94.2,11.2,0.8,391,668,77.4,52.3,Sin Parada / Operación Continua,2991.63,4216.6,1224.97,Ninguno,Alta Eficiencia
EXP-0657,2024-10-18,Minera Chinalco Perú,Toromocho,Junín,Copper,Diamantina Superficial,RIG-DD-090,Noche (12h),1398,5.7,31.97,92.2,8.0,4.0,217,855,73.0,46.1,Cambio de Broca,2133.49,2724.66,591.17,Ninguno,Operación Normal
EXP-0658,2024-10-19,Volcan Compañía Minera,Chungar / Yauli,Junín,Zinc-Lead-Silver,Diamantina Subterránea,RIG-DD-039,Noche (12h),1292,5.9,36.82,89.5,10.9,1.1,262,1070,102.8,54.5,Falla Mecánica,3222.66,4032.03,809.37,Ninguno,Operación Normal
EXP-0659,2024-10-20,Compañía Minera Coimolache,Tantahuatay,Cajamarca,Gold-Copper,Diamantina Superficial,RIG-DD-085,Noche (12h),1270,4.6,48.45,98.3,10.6,1.4,206,669,,55.1,Cambio de Broca,3435.83,4305.98,870.15,Ninguno,Operación Normal
EXP-0660,2024-10-21,Minera Barrick Misquichilca,Lagunas Norte,La Libertad,Gold,Diamantina Superficial,RIG-DD-049,Noche (12h),1083,4.1,51.17,93.6,2.0,10.0,396,1044,13.1,50.6,Mantenimiento Preventivo,3811.88,4226.34,414.46,Ninguno,Mantenimiento / Parada
EXP-0661,2024-10-22,Compañía Minera Coimolache,Tantahuatay,Cajamarca,Gold-Copper,Diamantina Subterránea,RIG-DD-064,Noche (12h),1479,7.7,18.67,87.8,8.7,3.3,394,556,66.9,46.2,Falla Mecánica,1709.24,2024.45,315.21,Ninguno,Baja Eficiencia / Roca Dura
EXP-0662,2024-10-23,Minera Barrick Misquichilca,Lagunas Norte,La Libertad,Gold,Diamantina Superficial,RIG-DD-062,Noche (12h),229,6.0,39.31,94.1,11.2,0.8,400,1030,70.0,49.4,Sin Parada / Operación Continua,2504.13,3426.97,922.84,Ninguno,Operación Normal
EXP-0663,2024-10-24,Compañía Minera Coimolache,Tantahuatay,Cajamarca,Gold-Copper,Diamantina Subterránea,RIG-DD-054,Día (12h),480,3.6,48.81,96.6,12.0,0.0,194,1058,67.6,50.3,Sin Parada / Operación Continua,3166.93,5285.82,2118.89,Ninguno,Operación Normal
EXP-0664,2024-10-25,Gold Fields La Cima,Cerro Corona,Cajamarca,Gold-Copper,Diamantina Superficial,RIG-DD-105,Noche (12h),1123,7.5,15.73,88.8,10.2,1.8,438,735,94.7,28.4,Mantenimiento Preventivo,1200.67,1512.75,312.08,Ninguno,Baja Eficiencia / Roca Dura
EXP-0665,2024-10-26,Minsur S.A.,San Rafael,Puno,Tin,Pozos de Agua,RIG-RC-009,Día (12h),1460,8.4,23.48,80.3,9.8,2.2,445,457,90.2,48.4,Falla Mecánica,1583.02,2092.95,509.93,Ninguno,Baja Eficiencia / Roca Dura
EXP-0666,2024-10-27,Minsur S.A.,San Rafael,Puno,Tin,Diamantina Superficial,RIG-DD-088,Noche (12h),1471,6.5,37.94,92.0,10.1,1.9,299,638,,55.4,Cambio de Broca,2985.73,3613.84,628.11,Casi Accidente,Operación Normal
EXP-0667,2024-10-28,Nexa Resources Perú,El Porvenir / Atacocha,Pasco,Zinc-Lead,Diamantina Subterránea,RIG-DD-037,Día (12h),567,6.0,26.54,91.2,5.8,6.2,307,530,41.4,36.6,Cambio de Broca,3216.0,3293.79,77.79,Ninguno,Mantenimiento / Parada
EXP-0668,2024-10-29,Minsur S.A.,San Rafael,Puno,Tin,Diamantina Subterránea,RIG-DD-049,Noche (12h),694,7.9,8.0,88.8,8.4,3.6,390,557,74.1,39.1,,1513.73,1554.28,40.55,Ninguno,Baja Eficiencia / Roca Dura
EXP-0669,2024-10-30,Minsur S.A.,San Rafael,Puno,Tin,Diamantina Superficial,RIG-DD-041,Día (12h),1248,8.3,10.53,86.9,10.9,1.1,190,770,88.8,30.7,Condición Climatológica,1140.56,1474.35,333.79,Ninguno,Baja Eficiencia / Roca Dura
EXP-0670,2024-10-31,Marcobre S.A.C.,Mina Justa,Ica,Copper,Diamantina Subterránea,RIG-DD-017,Noche (12h),917,7.3,25.57,86.7,11.9,0.1,355,1028,84.2,46.3,Sin Parada / Operación Continua,2112.82,2742.06,629.24,Ninguno,Baja Eficiencia / Roca Dura
EXP-0671,2024-11-01,Marcobre S.A.C.,Mina Justa,Ica,Copper,Pozos de Agua,RIG-RC-019,Día (12h),1713,5.7,48.63,94.3,10.8,1.2,312,1135,91.5,58.7,Mantenimiento Preventivo,3190.35,3974.44,784.09,Ninguno,Operación Normal
EXP-0672,2024-11-02,Nexa Resources Perú,El Porvenir / Atacocha,Pasco,Zinc-Lead,Diamantina Subterránea,RIG-DD-059,Noche (12h),1216,6.5,31.78,90.6,9.9,2.1,193,795,90.0,35.9,Cambio de Broca,2901.13,3423.24,522.11,Ninguno,Operación Normal
EXP-0673,2024-11-03,Volcan Compañía Minera,Chungar / Yauli,Junín,Zinc-Lead-Silver,Diamantina Subterránea,RIG-DD-039,Noche (12h),1717,7.0,22.85,85.1,10.3,1.7,229,777,94.8,42.8,Condición Climatológica,1753.98,2561.63,807.65,Ninguno,Baja Eficiencia / Roca Dura
EXP-0674,2024-11-04,Marcobre S.A.C.,Mina Justa,Ica,Copper,Circulación Reversa,RIG-RC-009,Día (12h),1537,4.5,80.19,97.9,10.6,1.4,251,1004,74.4,82.6,Cambio de Broca,4323.12,6788.17,2465.05,Casi Accidente,Alta Eficiencia
EXP-0675,2024-11-05,Volcan Compañía Minera,Chungar / Yauli,Junín,Zinc-Lead-Silver,Diamantina Superficial,RIG-DD-039,Noche (12h),805,5.7,38.49,87.3,10.9,1.1,248,1148,67.5,40.3,Falla Mecánica,2678.77,3560.19,881.42,Ninguno,Operación Normal
EXP-0676,2024-11-06,Compañía Minera Antamina,Antamina,Áncash,Copper-Zinc,Diamantina Superficial,RIG-DD-013,Noche (12h),574,7.6,13.15,90.5,11.4,0.6,195,751,104.3,41.4,Sin Parada / Operación Continua,1187.48,1620.66,433.18,Ninguno,Baja Eficiencia / Roca Dura
EXP-0677,2024-11-07,Marcobre S.A.C.,Mina Justa,Ica,Copper,Diamantina Subterránea,RIG-DD-064,Noche (12h),838,6.8,19.6,93.9,11.4,0.6,235,649,66.9,39.0,Sin Parada / Operación Continua,1340.7,2173.58,832.88,Ninguno,Operación Normal
EXP-0678,2024-11-08,Gold Fields La Cima,Cerro Corona,Cajamarca,Gold-Copper,Diamantina Superficial,RIG-DD-011,Día (12h),1248,5.6,29.41,88.5,10.8,1.2,284,868,90.6,47.5,Condición Climatológica,1892.44,2951.47,1059.03,Ninguno,Operación Normal
EXP-0679,2024-11-09,Nexa Resources Perú,El Porvenir / Atacocha,Pasco,Zinc-Lead,Diamantina Subterránea,RIG-DD-019,Día (12h),1557,6.8,50.44,89.0,11.7,0.3,311,488,70.9,53.9,Sin Parada / Operación Continua,4194.19,5488.52,1294.33,Ninguno,Operación Normal
EXP-0680,2024-11-10,Compañía Minera Antamina,Antamina,Áncash,Copper-Zinc,Circulación Reversa,RIG-RC-011,Día (12h),1578,4.1,89.08,94.2,11.3,0.7,227,756,79.8,84.5,Sin Parada / Operación Continua,5344.73,6979.19,1634.46,Ninguno,Alta Eficiencia
EXP-0681,2024-11-11,Gold Fields La Cima,Cerro Corona,Cajamarca,Gold-Copper,Diamantina Superficial,RIG-DD-077,Día (12h),315,5.5,36.25,91.5,11.3,0.7,427,453,80.8,52.6,Sin Parada / Operación Continua,2325.95,3441.45,1115.5,Ninguno,Operación Normal
EXP-0682,2024-11-12,Gold Fields La Cima,Cerro Corona,Cajamarca,Gold-Copper,Diamantina Superficial,RIG-DD-046,Noche (12h),247,7.5,33.87,93.5,10.4,1.6,452,1082,63.8,42.9,Mantenimiento Preventivo,2393.54,2903.6,510.06,Ninguno,Operación Normal
EXP-0683,2024-11-13,Gold Fields La Cima,Cerro Corona,Cajamarca,Gold-Copper,Diamantina Subterránea,RIG-DD-045,Día (12h),298,4.6,43.66,,11.9,0.1,290,526,109.4,48.3,Sin Parada / Operación Continua,3083.79,4396.22,1312.43,Ninguno,Operación Normal
EXP-0684,2024-11-14,Volcan Compañía Minera,Chungar / Yauli,Junín,Zinc-Lead-Silver,Diamantina Superficial,RIG-DD-001,Noche (12h),1682,4.4,58.4,93.3,8.8,3.2,217,917,48.5,63.9,Condición Climatológica,4070.7,4974.09,903.39,Ninguno,Alta Eficiencia
EXP-0685,2024-11-15,Compañía Minera Coimolache,Tantahuatay,Cajamarca,Gold-Copper,Diamantina Subterránea,RIG-DD-040,Día (12h),1746,8.3,19.24,90.9,10.5,1.5,419,628,95.3,31.5,Cambio de Broca,1790.53,2420.08,629.55,Ninguno,Baja Eficiencia / Roca Dura
EXP-0686,2024-11-16,Compañía Minera Antamina,Antamina,Áncash,Copper-Zinc,Diamantina Superficial,RIG-DD-019,Noche (12h),604,4.5,43.73,93.0,10.0,2.0,300,1094,90.4,43.3,Espera Geología,2371.5,3536.71,1165.21,Ninguno,Operación Normal
EXP-0687,2024-11-17,Minera Barrick Misquichilca,Lagunas Norte,La Libertad,Gold,Diamantina Subterránea,RIG-DD-076,Noche (12h),1437,4.8,52.04,90.6,9.8,2.2,227,725,66.3,64.7,Espera Geología,3821.16,5335.11,1513.95,Ninguno,Operación Normal
EXP-0688,2024-11-18,Compañía Minera Antamina,Antamina,Áncash,Copper-Zinc,Diamantina Superficial,RIG-DD-072,Noche (12h),884,8.3,19.7,87.2,11.4,0.6,189,601,,41.6,Sin Parada / Operación Continua,1598.36,2273.19,674.83,Ninguno,Baja Eficiencia / Roca Dura
EXP-0689,2024-11-19,Compañía Minera Coimolache,Tantahuatay,Cajamarca,Gold-Copper,Diamantina Subterránea,RIG-DD-072,Día (12h),1102,7.2,30.59,91.0,10.9,1.1,412,613,71.0,53.0,Cambio de Broca,2556.71,3513.11,956.4,Ninguno,Baja Eficiencia / Roca Dura
EXP-0690,2024-11-20,Compañía Minera Antamina,Antamina,Áncash,Copper-Zinc,Diamantina Superficial,RIG-DD-061,Día (12h),702,7.0,30.72,87.8,6.4,5.6,215,739,54.6,47.5,Falla Mecánica,2440.51,2942.05,501.54,Ninguno,Mantenimiento / Parada
EXP-0691,2024-11-21,Minsur S.A.,San Rafael,Puno,Tin,Diamantina Subterránea,RIG-DD-012,Día (12h),1671,7.8,24.24,89.1,9.4,2.6,183,827,72.8,55.9,Condición Climatológica,2359.31,2630.55,271.24,Ninguno,Baja Eficiencia / Roca Dura
EXP-0692,2024-11-22,Minera Barrick Misquichilca,Lagunas Norte,La Libertad,Gold,Diamantina Superficial,RIG-DD-061,Día (12h),1093,4.1,58.6,90.7,5.7,6.3,223,1070,38.2,63.3,Espera Geología,3675.19,4642.27,967.08,Ninguno,Mantenimiento / Parada
EXP-0693,2024-11-23,Compañía Minera Coimolache,Tantahuatay,Cajamarca,Gold-Copper,Diamantina Subterránea,RIG-DD-033,Día (12h),1799,7.0,49.67,85.0,9.5,2.5,235,1087,67.5,68.7,Falla Mecánica,3451.1,5084.79,1633.69,Ninguno,Operación Normal
EXP-0694,2024-11-24,Volcan Compañía Minera,Chungar / Yauli,Junín,Zinc-Lead-Silver,Circulación Reversa,RIG-RC-013,Día (12h),457,6.0,76.99,89.7,11.7,0.3,221,759,96.6,80.9,Sin Parada / Operación Continua,4232.87,6123.59,1890.72,Ninguno,Operación Normal
EXP-0695,2024-11-25,Minera Chinalco Perú,Toromocho,Junín,Copper,Diamantina Superficial,RIG-DD-090,Día (12h),1043,7.6,25.96,89.6,11.9,0.1,434,838,108.6,45.5,Sin Parada / Operación Continua,1584.68,2287.73,703.05,Ninguno,Baja Eficiencia / Roca Dura
EXP-0696,2024-11-26,Compañía Minera Coimolache,Tantahuatay,Cajamarca,Gold-Copper,Diamantina Superficial,RIG-DD-103,Noche (12h),320,6.0,34.52,93.3,10.4,1.6,407,1107,62.6,50.0,Cambio de Broca,2132.2,2904.65,772.45,Ninguno,Operación Normal
EXP-0697,2024-11-27,Nexa Resources Perú,El Porvenir / Atacocha,Pasco,Zinc-Lead,Diamantina Superficial,RIG-DD-092,Día (12h),1009,6.6,30.59,86.3,11.2,0.8,293,632,87.2,49.3,Sin Parada / Operación Continua,2180.97,2839.1,658.13,Ninguno,Operación Normal
EXP-0698,2024-11-28,Compañía Minera Coimolache,Tantahuatay,Cajamarca,Gold-Copper,Diamantina Subterránea,RIG-DD-069,Día (12h),1177,5.9,27.75,93.4,11.4,0.6,416,755,74.3,40.6,Sin Parada / Operación Continua,2144.62,3033.11,888.49,Ninguno,Operación Normal
EXP-0699,2024-11-29,Minsur S.A.,San Rafael,Puno,Tin,Diamantina Subterránea,RIG-DD-008,Día (12h),253,5.9,43.12,91.7,9.0,3.0,353,521,78.3,53.6,Falla Mecánica,3721.31,4788.61,1067.3,Ninguno,Operación Normal
EXP-0700,2024-11-30,Minera Chinalco Perú,Toromocho,Junín,Copper,Diamantina Superficial,RIG-DD-025,Noche (12h),1218,7.3,18.48,85.8,11.2,0.8,434,668,64.7,39.8,Sin Parada / Operación Continua,1325.44,1696.37,370.93,Ninguno,Baja Eficiencia / Roca Dura
EXP-0701,2024-12-01,Minsur S.A.,San Rafael,Puno,Tin,Diamantina Superficial,RIG-DD-091,Noche (12h),1554,6.6,29.22,85.8,11.3,0.7,456,622,93.3,46.7,Sin Parada / Operación Continua,1646.13,2670.28,1024.15,Ninguno,Operación Normal
EXP-0702,2024-12-02,Minera Chinalco Perú,Toromocho,Junín,Copper,Diamantina Superficial,RIG-DD-046,Noche (12h),983,6.7,36.76,90.3,8.6,3.4,248,1102,,45.6,Cambio de Broca,2466.22,2965.19,498.97,Ninguno,Operación Normal
EXP-0703,2024-12-03,Nexa Resources Perú,El Porvenir / Atacocha,Pasco,Zinc-Lead,Diamantina Subterránea,RIG-DD-087,Noche (12h),440,5.8,36.7,95.3,8.6,3.4,409,721,67.8,49.1,Condición Climatológica,3416.82,3975.51,558.69,Ninguno,Operación Normal
EXP-0704,2024-12-04,Volcan Compañía Minera,Chungar / Yauli,Junín,Zinc-Lead-Silver,Diamantina Superficial,RIG-DD-030,Día (12h),1753,6.2,31.46,90.7,11.2,0.8,246,917,99.0,46.4,Sin Parada / Operación Continua,1608.96,2593.0,984.04,Ninguno,Operación Normal
EXP-0705,2024-12-05,Minsur S.A.,San Rafael,Puno,Tin,Pozos de Agua,RIG-RC-013,Noche (12h),682,7.2,17.82,85.8,8.8,3.2,215,718,75.0,31.6,Falla Mecánica,1787.47,2123.13,335.66,Ninguno,Baja Eficiencia / Roca Dura
EXP-0706,2024-12-06,Minsur S.A.,San Rafael,Puno,Tin,Diamantina Superficial,RIG-DD-047,Día (12h),1212,7.6,33.84,82.2,8.6,3.4,338,469,73.2,55.5,Condición Climatológica,2866.24,3212.36,346.12,Ninguno,Operación Normal
EXP-0707,2024-12-07,Gold Fields La Cima,Cerro Corona,Cajamarca,Gold-Copper,Diamantina Subterránea,RIG-DD-087,Día (12h),386,7.0,22.33,93.6,11.0,1.0,328,1027,83.3,41.7,Falla Mecánica,1821.67,2615.42,793.75,Ninguno,Baja Eficiencia / Roca Dura
EXP-0708,2024-12-08,Minera Chinalco Perú,Toromocho,Junín,Copper,Diamantina Superficial,RIG-DD-049,Noche (12h),855,8.1,15.51,,11.9,0.1,206,952,107.8,48.9,Sin Parada / Operación Continua,962.65,1415.2,452.55,Ninguno,Baja Eficiencia / Roca Dura
EXP-0709,2024-12-09,Marcobre S.A.C.,Mina Justa,Ica,Copper,Diamantina Superficial,RIG-DD-047,Noche (12h),461,7.6,9.87,88.7,12.0,0.0,251,596,94.2,30.9,Sin Parada / Operación Continua,1005.88,1295.72,289.84,Ninguno,Baja Eficiencia / Roca Dura
EXP-0710,2024-12-10,Minera Chinalco Perú,Toromocho,Junín,Copper,Diamantina Subterránea,RIG-DD-084,Día (12h),1152,6.3,34.44,94.8,10.7,1.3,427,878,98.1,53.3,Cambio de Broca,2590.25,3927.06,1336.81,Ninguno,Operación Normal
EXP-0711,2024-12-11,Gold Fields La Cima,Cerro Corona,Cajamarca,Gold-Copper,Diamantina Subterránea,RIG-DD-082,Noche (12h),1587,6.9,27.13,89.9,11.2,0.8,280,614,86.1,46.0,Sin Parada / Operación Continua,1810.97,2891.78,1080.81,Ninguno,Operación Normal
EXP-0712,2024-12-12,Compañía Minera Antamina,Antamina,Áncash,Copper-Zinc,Pozos de Agua,RIG-RC-018,Noche (12h),690,8.1,21.65,85.2,2.0,10.0,369,759,15.0,51.9,Cambio de Broca,2827.59,2164.68,-662.91,Ninguno,Mantenimiento / Parada
EXP-0713,2024-12-13,Minera Chinalco Perú,Toromocho,Junín,Copper,Diamantina Superficial,RIG-DD-066,Día (12h),630,6.6,22.8,91.5,9.3,2.7,275,967,59.4,34.0,Falla Mecánica,2131.76,2398.53,266.77,Ninguno,Operación Normal
EXP-0714,2024-12-14,Volcan Compañía Minera,Chungar / Yauli,Junín,Zinc-Lead-Silver,Diamantina Superficial,RIG-DD-068,Día (12h),438,7.6,30.07,85.3,9.4,2.6,461,463,72.2,45.4,Cambio de Broca,2278.73,2916.2,637.47,Ninguno,Baja Eficiencia / Roca Dura
EXP-0715,2024-12-15,Gold Fields La Cima,Cerro Corona,Cajamarca,Gold-Copper,Diamantina Subterránea,RIG-DD-094,Día (12h),503,6.9,15.09,86.2,6.4,5.6,457,581,38.8,28.6,Mantenimiento Preventivo,2116.45,2115.35,-1.1,Ninguno,Mantenimiento / Parada
EXP-0716,2024-12-16,Compañía Minera Antamina,Antamina,Áncash,Copper-Zinc,Diamantina Subterránea,RIG-DD-033,Día (12h),497,6.3,33.86,92.7,8.1,3.9,196,888,72.7,46.7,Mantenimiento Preventivo,3415.02,3944.29,529.27,Incidente Menor,Operación Normal
EXP-0717,2024-12-17,Minera Barrick Misquichilca,Lagunas Norte,La Libertad,Gold,Diamantina Superficial,RIG-DD-036,Día (12h),275,4.7,48.32,96.2,11.3,0.7,442,1123,92.7,48.7,Sin Parada / Operación Continua,3276.19,4386.61,1110.42,Ninguno,Operación Normal
EXP-0718,2024-12-18,Gold Fields La Cima,Cerro Corona,Cajamarca,Gold-Copper,Diamantina Superficial,RIG-DD-082,Día (12h),1556,5.6,40.66,88.0,11.7,0.3,286,712,110.9,43.1,Sin Parada / Operación Continua,2247.05,3492.81,1245.76,Ninguno,Operación Normal
EXP-0719,2024-12-19,Minera Barrick Misquichilca,Lagunas Norte,La Libertad,Gold,Diamantina Superficial,RIG-DD-101,Día (12h),1198,8.3,19.86,,9.5,2.5,247,1092,55.7,30.8,Condición Climatológica,1484.7,2030.76,546.06,Ninguno,Baja Eficiencia / Roca Dura
EXP-0720,2024-12-20,Minsur S.A.,San Rafael,Puno,Tin,Circulación Reversa,RIG-RC-019,Noche (12h),841,6.8,66.91,88.1,11.1,0.9,307,674,71.7,65.2,Sin Parada / Operación Continua,3955.89,5692.65,1736.76,Ninguno,Operación Normal
EXP-0721,2024-12-21,Gold Fields La Cima,Cerro Corona,Cajamarca,Gold-Copper,Diamantina Superficial,RIG-DD-028,Noche (12h),1697,6.3,45.2,88.3,10.8,1.2,472,707,97.3,59.8,Mantenimiento Preventivo,3157.35,4008.28,850.93,Incidente Menor,Operación Normal
EXP-0722,2024-12-22,Nexa Resources Perú,El Porvenir / Atacocha,Pasco,Zinc-Lead,Diamantina Superficial,RIG-DD-040,Noche (12h),1026,8.2,18.16,88.0,10.2,1.8,473,683,72.2,37.5,Mantenimiento Preventivo,1855.28,2159.31,304.03,Ninguno,Baja Eficiencia / Roca Dura
EXP-0723,2024-12-23,Minera Barrick Misquichilca,Lagunas Norte,La Libertad,Gold,Diamantina Superficial,RIG-DD-084,Día (12h),482,6.4,26.06,90.3,7.7,4.3,275,785,56.7,34.7,Espera Geología,2183.98,2162.71,-21.27,Ninguno,Operación Normal
EXP-0724,2024-12-24,Volcan Compañía Minera,Chungar / Yauli,Junín,Zinc-Lead-Silver,Diamantina Superficial,RIG-DD-097,Noche (12h),790,6.1,40.69,94.3,11.0,1.0,180,858,98.4,48.9,Espera Geología,2739.11,3464.83,725.72,Ninguno,Operación Normal
EXP-0725,2024-12-25,  Nexa Resources Perú  ,El Porvenir / Atacocha,Pasco,Zinc-Lead,Diamantina Superficial,RIG-DD-076,Noche (12h),271,7.3,24.36,,9.2,2.8,477,473,69.8,39.6,Espera Geología,1864.17,2195.62,331.45,Ninguno,Baja Eficiencia / Roca Dura
EXP-0726,2024-12-26,Compañía Minera Coimolache,Tantahuatay,Cajamarca,Gold-Copper,Diamantina Superficial,RIG-DD-015,Noche (12h),1486,7.1,38.32,86.9,11.4,0.6,359,720,71.5,48.4,Sin Parada / Operación Continua,2233.55,3231.39,997.84,Ninguno,Operación Normal
EXP-0727,2024-12-27,Compañía Minera Coimolache,Tantahuatay,Cajamarca,Gold-Copper,Diamantina Superficial,RIG-DD-041,Día (12h),902,4.5,44.18,88.3,9.8,2.2,360,544,88.9,58.3,Espera Geología,2944.45,3647.02,702.57,Ninguno,Operación Normal
EXP-0728,2024-12-28,Compañía Minera Antamina,Antamina,Áncash,Copper-Zinc,Diamantina Subterránea,RIG-DD-039,Noche (12h),774,5.9,30.94,91.7,12.0,0.0,414,591,67.5,50.6,Sin Parada / Operación Continua,2595.03,3564.77,969.74,Ninguno,Operación Normal
EXP-0729,2024-12-29,Minsur S.A.,San Rafael,Puno,Tin,Diamantina Superficial,RIG-DD-002,Día (12h),1199,5.9,38.95,86.1,8.3,3.7,187,1143,75.4,58.1,Cambio de Broca,2625.23,3172.11,546.88,Ninguno,Operación Normal
EXP-0730,2024-12-30,Gold Fields La Cima,Cerro Corona,Cajamarca,Gold-Copper,Diamantina Superficial,RIG-DD-063,Día (12h),1091,5.4,27.88,90.2,11.9,0.1,206,530,67.9,40.3,Sin Parada / Operación Continua,1646.65,2735.97,1089.32,Ninguno,Operación Normal
EXP-0731,2024-12-31,Marcobre S.A.C.,Mina Justa,Ica,Copper,Circulación Reversa,RIG-RC-009,Noche (12h),211,6.1,62.46,88.6,9.8,2.2,325,723,80.0,71.8,Condición Climatológica,4320.07,5300.56,980.49,Casi Accidente,Operación Normal
EXP-0732,2025-01-01,Volcan Compañía Minera,Chungar / Yauli,Junín,Zinc-Lead-Silver,Diamantina Subterránea,RIG-DD-074,Noche (12h),340,5.6,37.56,90.3,11.9,0.1,270,725,68.9,44.8,Sin Parada / Operación Continua,2641.91,3918.68,1276.77,Ninguno,Operación Normal
EXP-0733,2025-01-02,Minera Barrick Misquichilca,Lagunas Norte,La Libertad,Gold,Diamantina Superficial,RIG-DD-066,Día (12h),1778,4.5,50.76,90.1,11.4,0.6,451,914,94.9,51.6,Sin Parada / Operación Continua,2786.25,4158.7,1372.45,Ninguno,Operación Normal
EXP-0734,2025-01-03,Nexa Resources Perú,El Porvenir / Atacocha,Pasco,Zinc-Lead,Diamantina Superficial,RIG-DD-051,Noche (12h),216,5.6,32.23,89.6,10.8,1.2,184,657,60.9,43.8,Condición Climatológica,2257.91,2994.57,736.66,Ninguno,Operación Normal
EXP-0735,2025-01-04,Compañía Minera Coimolache,Tantahuatay,Cajamarca,Gold-Copper,Diamantina Superficial,RIG-DD-075,Noche (12h),1286,3.9,46.76,98.6,11.0,1.0,261,745,97.6,53.9,Mantenimiento Preventivo,3096.51,4164.3,1067.79,Ninguno,Operación Normal
EXP-0736,2025-01-05,Volcan Compañía Minera,Chungar / Yauli,Junín,Zinc-Lead-Silver,Diamantina Subterránea,RIG-DD-077,Día (12h),452,6.4,43.06,93.6,11.6,0.4,398,488,85.4,61.1,Sin Parada / Operación Continua,3044.58,4816.59,1772.01,Ninguno,Operación Normal
EXP-0737,2025-01-06,Marcobre S.A.C.,Mina Justa,Ica,Copper,Pozos de Agua,RIG-RC-010,Noche (12h),664,7.8,22.49,92.0,11.3,0.7,297,737,66.4,39.4,Sin Parada / Operación Continua,1876.26,2398.03,521.77,Ninguno,Baja Eficiencia / Roca Dura
EXP-0738,2025-01-07,Gold Fields La Cima,Cerro Corona,Cajamarca,Gold-Copper,Diamantina Subterránea,RIG-DD-014,Día (12h),575,7.1,35.12,88.8,9.7,2.3,260,573,80.8,44.3,Condición Climatológica,2901.53,4115.33,1213.8,Ninguno,Operación Normal
EXP-0739,2025-01-08,Compañía Minera Antamina,Antamina,Áncash,Copper-Zinc,Diamantina Subterránea,RIG-DD-082,Noche (12h),1180,5.3,38.27,93.2,10.0,2.0,249,732,74.6,51.5,Mantenimiento Preventivo,2823.23,4184.48,1361.25,Ninguno,Operación Normal
EXP-0740,2025-01-09,Marcobre S.A.C.,Mina Justa,Ica,Copper,Diamantina Subterránea,RIG-DD-051,Noche (12h),719,3.9,53.36,98.7,11.9,0.1,294,629,74.5,47.1,Sin Parada / Operación Continua,3856.94,5814.39,1957.45,Ninguno,Alta Eficiencia
EXP-0741,2025-01-10,Volcan Compañía Minera,Chungar / Yauli,Junín,Zinc-Lead-Silver,Diamantina Superficial,RIG-DD-073,Día (12h),289,4.5,50.72,89.6,9.5,2.5,442,546,52.8,55.6,Condición Climatológica,3559.6,4489.11,929.51,Ninguno,Operación Normal
EXP-0742,2025-01-11,Marcobre S.A.C.,Mina Justa,Ica,Copper,Diamantina Superficial,RIG-DD-039,Noche (12h),919,6.2,49.38,93.0,11.9,0.1,321,640,85.3,60.2,Sin Parada / Operación Continua,3444.76,4440.3,995.54,Ninguno,Operación Normal
EXP-0743,2025-01-12,Volcan Compañía Minera,Chungar / Yauli,Junín,Zinc-Lead-Silver,Diamantina Subterránea,RIG-DD-028,Noche (12h),1003,4.5,47.26,97.9,10.6,1.4,386,523,61.9,51.0,Falla Mecánica,3652.26,4696.68,1044.42,Ninguno,Operación Normal
EXP-0744,2025-01-13,Volcan Compañía Minera,Chungar / Yauli,Junín,Zinc-Lead-Silver,Pozos de Agua,RIG-RC-003,Noche (12h),995,6.2,34.07,87.9,11.5,0.5,290,896,67.6,39.3,Sin Parada / Operación Continua,2621.35,3334.79,713.44,Ninguno,Operación Normal
EXP-0745,2025-01-14,Minera Chinalco Perú,Toromocho,Junín,Copper,Diamantina Superficial,RIG-DD-084,Noche (12h),829,4.7,56.19,97.7,10.4,1.6,291,946,68.3,59.1,Falla Mecánica,3049.18,4698.37,1649.19,Ninguno,Alta Eficiencia
EXP-0746,2025-01-15,Minera Barrick Misquichilca,Lagunas Norte,La Libertad,Gold,Diamantina Subterránea,RIG-DD-070,Noche (12h),1398,7.7,20.36,93.8,11.5,0.5,222,1010,92.3,48.3,Sin Parada / Operación Continua,1612.8,2613.11,1000.31,Ninguno,Baja Eficiencia / Roca Dura
EXP-0747,2025-01-16,Compañía Minera Coimolache,Tantahuatay,Cajamarca,Gold-Copper,Diamantina Superficial,RIG-DD-027,Noche (12h),275,5.5,43.28,94.3,4.4,7.6,464,933,33.5,55.5,Condición Climatológica,3347.83,3522.32,174.49,Ninguno,Mantenimiento / Parada
EXP-0748,2025-01-17,Minera Chinalco Perú,Toromocho,Junín,Copper,Diamantina Superficial,RIG-DD-002,Noche (12h),1125,4.7,55.49,95.4,11.3,0.7,307,565,65.3,66.2,Sin Parada / Operación Continua,3018.63,4599.31,1580.68,Ninguno,Alta Eficiencia
EXP-0749,2025-01-18,  Gold Fields La Cima  ,Cerro Corona,Cajamarca,Gold-Copper,Diamantina Superficial,RIG-DD-093,Noche (12h),599,7.6,19.59,84.4,11.5,0.5,364,984,107.8,33.0,Sin Parada / Operación Continua,1426.06,1832.13,406.07,Ninguno,Baja Eficiencia / Roca Dura
EXP-0750,2025-01-19,Minera Chinalco Perú,Toromocho,Junín,Copper,Diamantina Superficial,RIG-DD-038,Día (12h),1169,5.2,46.12,95.8,11.4,0.6,408,547,103.2,55.3,Sin Parada / Operación Continua,2811.0,3834.0,1023.0,Ninguno,Operación Normal
EXP-0751,2025-01-20,Minsur S.A.,San Rafael,Puno,Tin,Diamantina Subterránea,RIG-DD-003,Noche (12h),1294,4.1,66.16,91.7,7.9,4.1,400,777,51.6,67.9,Cambio de Broca,5569.74,6559.15,989.41,Ninguno,Operación Normal
EXP-0752,2025-01-21,Minsur S.A.,San Rafael,Puno,Tin,Diamantina Superficial,RIG-DD-016,Día (12h),1403,6.4,41.17,91.3,10.2,1.8,296,856,61.1,54.0,Mantenimiento Preventivo,2595.48,3771.21,1175.73,Ninguno,Operación Normal
EXP-0753,2025-01-22,Compañía Minera Coimolache,Tantahuatay,Cajamarca,Gold-Copper,Diamantina Subterránea,RIG-DD-094,Noche (12h),1347,6.4,36.08,91.6,9.6,2.4,249,762,89.0,52.0,Condición Climatológica,2748.21,3633.15,884.94,Ninguno,Operación Normal
EXP-0754,2025-01-23,Marcobre S.A.C.,Mina Justa,Ica,Copper,Diamantina Subterránea,RIG-DD-040,Noche (12h),1604,7.1,26.41,78.9,7.5,4.5,249,1143,55.1,44.0,Mantenimiento Preventivo,2510.3,2896.45,386.15,Ninguno,Baja Eficiencia / Roca Dura
EXP-0755,2025-01-24,Minera Barrick Misquichilca,Lagunas Norte,La Libertad,Gold,Circulación Reversa,RIG-RC-002,Noche (12h),1516,4.7,72.57,94.8,7.6,4.4,289,597,51.3,68.6,Espera Geología,4136.42,5747.4,1610.98,Ninguno,Alta Eficiencia
EXP-0756,2025-01-25,Compañía Minera Coimolache,Tantahuatay,Cajamarca,Gold-Copper,Diamantina Superficial,RIG-DD-081,Noche (12h),996,5.7,31.49,99.5,9.6,2.4,311,791,71.6,46.4,Condición Climatológica,2322.84,2915.17,592.33,Ninguno,Operación Normal
EXP-0757,2025-01-26,Volcan Compañía Minera,Chungar / Yauli,Junín,Zinc-Lead-Silver,Diamantina Superficial,RIG-DD-041,Noche (12h),394,4.9,57.88,86.9,11.6,0.4,235,944,99.7,67.1,,3186.38,4693.55,1507.17,Ninguno,Operación Normal
EXP-0758,2025-01-27,Nexa Resources Perú,El Porvenir / Atacocha,Pasco,Zinc-Lead,Diamantina Superficial,RIG-DD-012,Día (12h),427,3.9,64.32,95.0,8.7,3.3,268,472,53.7,71.9,Cambio de Broca,3862.8,5179.4,1316.6,Ninguno,Alta Eficiencia
EXP-0759,2025-01-28,Minera Barrick Misquichilca,Lagunas Norte,La Libertad,Gold,Pozos de Agua,RIG-RC-003,Noche (12h),1654,7.9,16.54,81.4,11.6,0.4,316,554,99.4,44.3,Sin Parada / Operación Continua,1179.19,1733.5,554.31,Casi Accidente,Baja Eficiencia / Roca Dura
EXP-0760,2025-01-29,Minera Barrick Misquichilca,Lagunas Norte,La Libertad,Gold,Circulación Reversa,RIG-RC-011,Día (12h),1659,7.1,60.9,86.1,9.6,2.4,310,1124,81.6,74.4,Espera Geología,3297.75,5159.11,1861.36,Ninguno,Operación Normal
EXP-0761,2025-01-30,Volcan Compañía Minera,Chungar / Yauli,Junín,Zinc-Lead-Silver,Diamantina Superficial,RIG-DD-065,Día (12h),660,5.0,45.89,87.2,9.9,2.1,397,1028,75.8,47.5,Condición Climatológica,2794.3,3714.53,920.23,Ninguno,Operación Normal
EXP-0762,2025-01-31,Volcan Compañía Minera,Chungar / Yauli,Junín,Zinc-Lead-Silver,Diamantina Subterránea,RIG-DD-055,Día (12h),817,6.5,42.48,90.5,9.4,2.6,355,1007,84.3,47.3,Falla Mecánica,3120.78,4340.91,1220.13,Ninguno,Operación Normal
EXP-0763,2025-02-01,Compañía Minera Antamina,Antamina,Áncash,Copper-Zinc,Diamantina Superficial,RIG-DD-045,Noche (12h),1244,4.5,52.06,96.4,10.6,1.4,350,1042,63.9,55.7,Condición Climatológica,2635.75,4252.8,1617.05,Ninguno,Alta Eficiencia
EXP-0764,2025-02-02,Compañía Minera Coimolache,Tantahuatay,Cajamarca,Gold-Copper,Diamantina Subterránea,RIG-DD-079,Noche (12h),263,8.0,20.82,88.2,10.2,1.8,279,1108,80.4,45.9,Falla Mecánica,1988.16,2762.15,773.99,Ninguno,Baja Eficiencia / Roca Dura
EXP-0765,2025-02-03,Volcan Compañía Minera,Chungar / Yauli,Junín,Zinc-Lead-Silver,Diamantina Superficial,RIG-DD-090,Noche (12h),364,4.1,47.87,92.0,6.5,5.5,308,671,47.4,56.5,Falla Mecánica,3221.05,4028.54,807.49,Ninguno,Mantenimiento / Parada
EXP-0766,2025-02-04,Minsur S.A.,San Rafael,Puno,Tin,Diamantina Subterránea,RIG-DD-101,Día (12h),226,3.5,59.73,94.2,11.8,0.2,236,464,84.8,61.6,Sin Parada / Operación Continua,4130.1,6233.74,2103.64,Ninguno,Alta Eficiencia
EXP-0767,2025-02-05,Gold Fields La Cima,Cerro Corona,Cajamarca,Gold-Copper,Diamantina Superficial,RIG-DD-085,Día (12h),1534,6.0,34.21,91.8,11.3,0.7,360,1082,73.6,46.3,Sin Parada / Operación Continua,1848.95,2910.68,1061.73,Ninguno,Operación Normal
EXP-0768,2025-02-06,Nexa Resources Perú,El Porvenir / Atacocha,Pasco,Zinc-Lead,Diamantina Subterránea,RIG-DD-062,Día (12h),1211,6.4,35.57,87.5,10.3,1.7,425,527,72.0,58.4,Condición Climatológica,2843.88,3873.43,1029.55,Ninguno,Operación Normal
EXP-0769,2025-02-07,Compañía Minera Coimolache,Tantahuatay,Cajamarca,Gold-Copper,Diamantina Subterránea,RIG-DD-049,Día (12h),484,6.4,33.19,86.2,6.0,6.0,323,771,35.6,49.7,,3161.08,3397.52,236.44,Ninguno,Mantenimiento / Parada
EXP-0770,2025-02-08,Minsur S.A.,San Rafael,Puno,Tin,Diamantina Subterránea,RIG-DD-095,Noche (12h),480,3.8,51.62,94.7,11.8,0.2,230,690,76.8,54.0,Sin Parada / Operación Continua,3642.26,5124.75,1482.49,Ninguno,Operación Normal
EXP-0771,2025-02-09,Marcobre S.A.C.,Mina Justa,Ica,Copper,Diamantina Superficial,RIG-DD-025,Día (12h),1037,5.1,36.42,90.0,12.0,0.0,397,467,79.1,42.4,Sin Parada / Operación Continua,2379.84,3212.74,832.9,Ninguno,Operación Normal
EXP-0772,2025-02-10,Volcan Compañía Minera,Chungar / Yauli,Junín,Zinc-Lead-Silver,Diamantina Superficial,RIG-DD-023,Día (12h),1030,6.0,41.11,92.2,11.9,0.1,283,903,99.8,47.2,Sin Parada / Operación Continua,2373.46,3522.45,1148.99,Ninguno,Operación Normal
EXP-0773,2025-02-11,Volcan Compañía Minera,Chungar / Yauli,Junín,Zinc-Lead-Silver,Diamantina Superficial,RIG-DD-024,Día (12h),1387,4.6,48.54,97.7,11.9,0.1,234,892,67.8,48.7,,2694.37,3922.63,1228.26,Ninguno,Operación Normal
EXP-0774,2025-02-12,Minera Barrick Misquichilca,Lagunas Norte,La Libertad,Gold,Diamantina Superficial,RIG-DD-038,Día (12h),1117,7.9,36.1,,7.7,4.3,436,726,62.4,48.7,Falla Mecánica,2979.75,3320.06,340.31,Ninguno,Operación Normal
EXP-0775,2025-02-13,Minsur S.A.,San Rafael,Puno,Tin,Diamantina Superficial,RIG-DD-028,Día (12h),423,3.9,45.54,96.2,9.7,2.3,335,873,61.9,51.1,Mantenimiento Preventivo,3078.75,4211.24,1132.49,Ninguno,Operación Normal
EXP-0776,2025-02-14,Minera Barrick Misquichilca,Lagunas Norte,La Libertad,Gold,Circulación Reversa,RIG-RC-011,Día (12h),983,5.9,72.8,93.1,10.0,2.0,232,925,58.3,78.3,Espera Geología,4488.01,5897.39,1409.38,Ninguno,Alta Eficiencia
EXP-0777,2025-02-15,Compañía Minera Antamina,Antamina,Áncash,Copper-Zinc,Diamantina Subterránea,RIG-DD-018,Noche (12h),1369,7.0,28.34,87.2,10.7,1.3,366,476,71.7,43.0,Cambio de Broca,2334.86,3267.04,932.18,Ninguno,Baja Eficiencia / Roca Dura
EXP-0778,2025-02-16,Minera Barrick Misquichilca,Lagunas Norte,La Libertad,Gold,Diamantina Superficial,RIG-DD-036,Noche (12h),1164,4.8,63.4,91.8,9.3,2.7,329,963,59.5,70.9,Condición Climatológica,3995.27,5532.79,1537.52,Ninguno,Operación Normal
EXP-0779,2025-02-17,Compañía Minera Antamina,Antamina,Áncash,Copper-Zinc,Diamantina Superficial,RIG-DD-099,Noche (12h),1149,6.6,36.59,93.7,11.7,0.3,443,913,90.2,59.3,Sin Parada / Operación Continua,2556.54,3443.17,886.63,Ninguno,Operación Normal
EXP-0780,2025-02-18,Compañía Minera Antamina,Antamina,Áncash,Copper-Zinc,Diamantina Superficial,RIG-DD-045,Noche (12h),1253,7.6,26.8,87.0,11.1,0.9,429,812,76.9,41.0,Sin Parada / Operación Continua,1638.12,2488.13,850.01,Casi Accidente,Baja Eficiencia / Roca Dura
EXP-0781,2025-02-19,Volcan Compañía Minera,Chungar / Yauli,Junín,Zinc-Lead-Silver,Diamantina Subterránea,RIG-DD-073,Día (12h),244,4.5,48.36,94.2,10.8,1.2,477,832,101.1,50.4,Espera Geología,3535.89,5236.69,1700.8,Ninguno,Operación Normal
EXP-0782,2025-02-20,Marcobre S.A.C.,Mina Justa,Ica,Copper,Diamantina Superficial,RIG-DD-053,Noche (12h),670,8.1,14.58,90.5,11.8,0.2,390,974,110.4,25.4,Sin Parada / Operación Continua,880.26,1370.38,490.12,Ninguno,Baja Eficiencia / Roca Dura
EXP-0783,2025-02-21,Minera Barrick Misquichilca,Lagunas Norte,La Libertad,Gold,Circulación Reversa,RIG-RC-006,Noche (12h),233,6.3,67.09,,11.0,1.0,204,831,80.0,74.7,Espera Geología,3730.45,5539.01,1808.56,Casi Accidente,Operación Normal
EXP-0784,2025-02-22,Minsur S.A.,San Rafael,Puno,Tin,Diamantina Superficial,RIG-DD-030,Día (12h),852,5.0,33.94,97.5,11.3,0.7,473,633,98.1,42.6,Sin Parada / Operación Continua,1907.72,2912.94,1005.22,Ninguno,Operación Normal
EXP-0785,2025-02-23,Compañía Minera Antamina,Antamina,Áncash,Copper-Zinc,Pozos de Agua,RIG-RC-012,Noche (12h),1650,5.7,28.71,93.3,11.9,0.1,331,643,66.1,45.5,Sin Parada / Operación Continua,1716.87,2449.95,733.08,Ninguno,Operación Normal
EXP-0786,2025-02-24,Volcan Compañía Minera,Chungar / Yauli,Junín,Zinc-Lead-Silver,Circulación Reversa,RIG-RC-002,Día (12h),1029,5.1,82.3,94.2,11.7,0.3,203,911,90.0,83.4,Sin Parada / Operación Continua,4938.49,6628.27,1689.78,Ninguno,Alta Eficiencia
EXP-0787,2025-02-25,Nexa Resources Perú,El Porvenir / Atacocha,Pasco,Zinc-Lead,Diamantina Superficial,RIG-DD-032,Día (12h),420,7.1,14.1,86.9,9.4,2.6,431,505,79.6,30.1,Mantenimiento Preventivo,1297.14,1336.11,38.97,Ninguno,Baja Eficiencia / Roca Dura
EXP-0788,2025-02-26,Compañía Minera Coimolache,Tantahuatay,Cajamarca,Gold-Copper,Circulación Reversa,RIG-RC-003,Día (12h),733,7.5,52.44,89.5,12.0,0.0,239,679,76.4,67.2,Sin Parada / Operación Continua,2972.26,4552.39,1580.13,Ninguno,Operación Normal
EXP-0789,2025-02-27,Marcobre S.A.C.,Mina Justa,Ica,Copper,Diamantina Superficial,RIG-DD-067,Noche (12h),891,7.7,15.01,86.3,7.1,4.9,245,938,40.8,38.4,Espera Geología,1832.01,1599.49,-232.52,Ninguno,Mantenimiento / Parada
EXP-0790,2025-02-28,  Minera Chinalco Perú  ,Toromocho,Junín,Copper,Diamantina Subterránea,RIG-DD-028,Noche (12h),1590,8.4,14.58,87.6,11.8,0.2,232,477,72.3,29.3,Sin Parada / Operación Continua,1354.31,1903.79,549.48,Ninguno,Baja Eficiencia / Roca Dura
EXP-0791,2025-03-01,Nexa Resources Perú,El Porvenir / Atacocha,Pasco,Zinc-Lead,Diamantina Superficial,RIG-DD-044,Noche (12h),1131,7.5,26.48,87.7,9.1,2.9,285,1032,66.1,49.6,Condición Climatológica,1848.46,2273.83,425.37,Ninguno,Baja Eficiencia / Roca Dura
EXP-0792,2025-03-02,Compañía Minera Coimolache,Tantahuatay,Cajamarca,Gold-Copper,Circulación Reversa,RIG-RC-015,Día (12h),1040,6.5,70.88,92.9,7.9,4.1,275,633,59.5,85.1,Espera Geología,4675.7,5599.86,924.16,Ninguno,Alta Eficiencia
EXP-0793,2025-03-03,Nexa Resources Perú,El Porvenir / Atacocha,Pasco,Zinc-Lead,Circulación Reversa,RIG-RC-009,Día (12h),1210,5.2,83.14,92.5,6.9,5.1,355,874,48.5,87.6,,5538.14,6785.55,1247.41,Ninguno,Mantenimiento / Parada
EXP-0794,2025-03-04,Minera Barrick Misquichilca,Lagunas Norte,La Libertad,Gold,Diamantina Subterránea,RIG-DD-063,Día (12h),1773,6.2,28.05,96.7,8.4,3.6,218,824,61.0,37.3,Condición Climatológica,2954.2,3455.76,501.56,Ninguno,Operación Normal
EXP-0795,2025-03-05,Compañía Minera Antamina,Antamina,Áncash,Copper-Zinc,Diamantina Subterránea,RIG-DD-023,Día (12h),781,3.7,51.67,94.8,11.4,0.6,347,490,84.1,52.5,Sin Parada / Operación Continua,3271.18,5166.4,1895.22,Ninguno,Operación Normal
EXP-0796,2025-03-06,Marcobre S.A.C.,Mina Justa,Ica,Copper,Diamantina Superficial,RIG-DD-104,Noche (12h),1339,7.2,59.82,87.0,11.3,0.7,221,933,96.9,77.4,Sin Parada / Operación Continua,3356.62,4857.94,1501.32,Ninguno,Operación Normal
EXP-0797,2025-03-07,Gold Fields La Cima,Cerro Corona,Cajamarca,Gold-Copper,Diamantina Superficial,RIG-DD-075,Día (12h),438,5.7,37.4,92.6,11.0,1.0,283,709,65.1,43.4,Falla Mecánica,2773.35,3526.68,753.33,Ninguno,Operación Normal
EXP-0798,2025-03-08,  Compañía Minera Antamina  ,Antamina,Áncash,Copper-Zinc,Diamantina Superficial,RIG-DD-048,Noche (12h),1558,3.6,49.14,99.0,11.7,0.3,383,890,100.3,54.9,Sin Parada / Operación Continua,2710.8,3928.86,1218.06,Ninguno,Operación Normal
EXP-0799,2025-03-09,Gold Fields La Cima,Cerro Corona,Cajamarca,Gold-Copper,Diamantina Superficial,RIG-DD-032,Noche (12h),640,3.8,48.87,98.6,12.0,0.0,187,533,99.1,51.9,,3146.83,4390.78,1243.95,Ninguno,Operación Normal
EXP-0800,2025-03-10,Compañía Minera Coimolache,Tantahuatay,Cajamarca,Gold-Copper,Diamantina Subterránea,RIG-DD-057,Día (12h),347,5.4,39.85,92.7,8.3,3.7,461,495,70.3,50.2,Mantenimiento Preventivo,3443.85,4300.32,856.47,Ninguno,Operación Normal
EXP-0801,2025-03-11,Volcan Compañía Minera,Chungar / Yauli,Junín,Zinc-Lead-Silver,Diamantina Superficial,RIG-DD-100,Noche (12h),1232,6.4,30.66,91.2,10.5,1.5,222,889,88.6,40.6,Cambio de Broca,2234.15,2744.46,510.31,Ninguno,Operación Normal
EXP-0802,2025-03-12,Minera Chinalco Perú,Toromocho,Junín,Copper,Pozos de Agua,RIG-RC-001,Día (12h),1511,5.8,36.73,92.4,10.3,1.7,289,1120,76.0,49.7,Falla Mecánica,2204.26,3140.56,936.3,Ninguno,Operación Normal
EXP-0803,2025-03-13,Minsur S.A.,San Rafael,Puno,Tin,Diamantina Subterránea,RIG-DD-024,Día (12h),587,6.6,32.03,86.6,7.3,4.7,389,968,46.3,47.8,Cambio de Broca,2942.0,3421.12,479.12,Incidente Menor,Mantenimiento / Parada
EXP-0804,2025-03-14,Compañía Minera Antamina,Antamina,Áncash,Copper-Zinc,Diamantina Subterránea,RIG-DD-039,Día (12h),1273,5.9,37.57,94.3,10.0,2.0,416,887,76.5,41.5,Condición Climatológica,2629.95,3952.63,1322.68,Ninguno,Operación Normal
EXP-0805,2025-03-15,Marcobre S.A.C.,Mina Justa,Ica,Copper,Diamantina Superficial,RIG-DD-034,Noche (12h),1740,6.8,22.96,85.6,9.9,2.1,228,585,92.4,39.5,Falla Mecánica,2013.27,2452.88,439.61,Ninguno,Operación Normal
EXP-0806,2025-03-16,Nexa Resources Perú,El Porvenir / Atacocha,Pasco,Zinc-Lead,Circulación Reversa,RIG-RC-005,Día (12h),1115,4.6,81.15,90.6,9.2,2.8,294,632,72.3,84.5,Espera Geología,5217.75,6720.53,1502.78,Ninguno,Operación Normal
EXP-0807,2025-03-17,Marcobre S.A.C.,Mina Justa,Ica,Copper,Circulación Reversa,RIG-RC-007,Noche (12h),837,4.1,83.17,95.0,11.8,0.2,334,621,65.4,79.7,Sin Parada / Operación Continua,4049.55,6839.58,2790.03,Ninguno,Alta Eficiencia
EXP-0808,2025-03-18,Compañía Minera Coimolache,Tantahuatay,Cajamarca,Gold-Copper,Diamantina Superficial,RIG-DD-068,Noche (12h),477,6.5,36.97,89.0,11.2,0.8,316,1039,64.3,38.1,Sin Parada / Operación Continua,2564.73,3452.0,887.27,Ninguno,Operación Normal
EXP-0809,2025-03-19,Gold Fields La Cima,Cerro Corona,Cajamarca,Gold-Copper,Diamantina Subterránea,RIG-DD-037,Día (12h),1188,5.9,24.08,93.6,5.8,6.2,346,1139,54.9,37.2,Espera Geología,2495.4,2641.87,146.47,Casi Accidente,Mantenimiento / Parada
EXP-0810,2025-03-20,Nexa Resources Perú,El Porvenir / Atacocha,Pasco,Zinc-Lead,Diamantina Subterránea,RIG-DD-056,Noche (12h),1523,3.6,57.45,97.1,7.4,4.6,378,988,42.8,66.0,Cambio de Broca,4198.2,6028.58,1830.38,Ninguno,Mantenimiento / Parada
EXP-0811,2025-03-21,Minsur S.A.,San Rafael,Puno,Tin,Diamantina Superficial,RIG-DD-065,Noche (12h),788,5.4,25.92,92.6,8.1,3.9,250,569,46.0,36.1,Condición Climatológica,2074.86,2420.04,345.18,Ninguno,Operación Normal
EXP-0812,2025-03-22,Minsur S.A.,San Rafael,Puno,Tin,Diamantina Superficial,RIG-DD-065,Día (12h),848,4.0,51.6,91.6,10.9,1.1,186,730,75.3,62.1,Cambio de Broca,2941.23,4539.46,1598.23,Ninguno,Operación Normal
EXP-0813,2025-03-23,Compañía Minera Antamina,Antamina,Áncash,Copper-Zinc,Diamantina Superficial,RIG-DD-047,Día (12h),817,6.2,40.66,90.7,8.5,3.5,379,757,79.7,48.4,Mantenimiento Preventivo,2697.82,3435.05,737.23,Ninguno,Operación Normal
EXP-0814,2025-03-24,Compañía Minera Coimolache,Tantahuatay,Cajamarca,Gold-Copper,Diamantina Superficial,RIG-DD-020,Noche (12h),334,5.5,49.37,91.8,11.9,0.1,246,726,80.6,51.8,,2829.08,4288.66,1459.58,Ninguno,Operación Normal
EXP-0815,2025-03-25,Volcan Compañía Minera,Chungar / Yauli,Junín,Zinc-Lead-Silver,Diamantina Superficial,RIG-DD-019,Día (12h),779,6.6,34.88,90.5,11.7,0.3,317,979,83.5,48.8,Sin Parada / Operación Continua,2470.32,3345.33,875.01,Ninguno,Operación Normal
EXP-0816,2025-03-26,Compañía Minera Coimolache,Tantahuatay,Cajamarca,Gold-Copper,Diamantina Superficial,RIG-DD-029,Noche (12h),1370,7.5,30.4,86.7,11.0,1.0,421,744,88.4,43.7,Espera Geología,2119.72,2721.29,601.57,Ninguno,Baja Eficiencia / Roca Dura
EXP-0817,2025-03-27,Gold Fields La Cima,Cerro Corona,Cajamarca,Gold-Copper,Diamantina Superficial,RIG-DD-074,Día (12h),689,5.0,42.61,94.6,10.8,1.2,392,502,60.4,52.2,Falla Mecánica,2553.83,3435.72,881.89,Ninguno,Operación Normal
EXP-0818,2025-03-28,Marcobre S.A.C.,Mina Justa,Ica,Copper,Diamantina Superficial,RIG-DD-060,Día (12h),677,8.3,14.53,85.4,11.4,0.6,360,881,103.6,35.1,Sin Parada / Operación Continua,1006.9,1599.38,592.48,Ninguno,Baja Eficiencia / Roca Dura
EXP-0819,2025-03-29,Minsur S.A.,San Rafael,Puno,Tin,Pozos de Agua,RIG-RC-018,Día (12h),1382,6.2,56.94,91.9,11.2,0.8,433,501,84.9,73.4,Sin Parada / Operación Continua,3680.37,4678.08,997.71,Ninguno,Operación Normal
EXP-0820,2025-03-30,Marcobre S.A.C.,Mina Justa,Ica,Copper,Diamantina Superficial,RIG-DD-092,Día (12h),583,6.6,38.82,92.2,11.7,0.3,280,521,86.2,49.9,Sin Parada / Operación Continua,2557.01,3514.84,957.83,Ninguno,Operación Normal
EXP-0821,2025-03-31,Marcobre S.A.C.,Mina Justa,Ica,Copper,Pozos de Agua,RIG-RC-003,Noche (12h),362,6.9,20.42,87.6,10.8,1.2,266,477,96.6,38.2,Falla Mecánica,1494.97,2302.12,807.15,Ninguno,Operación Normal
EXP-0822,2025-04-01,Marcobre S.A.C.,Mina Justa,Ica,Copper,Diamantina Superficial,RIG-DD-043,Día (12h),640,6.8,16.72,87.1,9.2,2.8,364,918,,37.3,Falla Mecánica,1634.14,1745.36,111.22,Ninguno,Operación Normal
EXP-0823,2025-04-02,Minsur S.A.,San Rafael,Puno,Tin,Diamantina Superficial,RIG-DD-095,Noche (12h),1412,6.1,32.48,92.2,10.1,1.9,270,996,72.7,50.1,Espera Geología,2035.9,2915.71,879.81,Ninguno,Operación Normal
EXP-0824,2025-04-03,Minera Barrick Misquichilca,Lagunas Norte,La Libertad,Gold,Diamantina Superficial,RIG-DD-091,Noche (12h),614,5.6,49.73,87.8,11.8,0.2,427,850,73.0,65.6,Sin Parada / Operación Continua,3031.79,4322.5,1290.71,Ninguno,Operación Normal
EXP-0825,2025-04-04,Gold Fields La Cima,Cerro Corona,Cajamarca,Gold-Copper,Diamantina Superficial,RIG-DD-011,Noche (12h),1562,3.8,54.99,98.7,10.8,1.2,393,650,94.6,56.1,Condición Climatológica,3097.45,4386.35,1288.9,Ninguno,Alta Eficiencia
EXP-0826,2025-04-05,Gold Fields La Cima,Cerro Corona,Cajamarca,Gold-Copper,Diamantina Superficial,RIG-DD-049,Noche (12h),1404,3.6,38.41,95.8,9.8,2.2,428,1060,69.7,40.8,Espera Geología,2410.51,3232.85,822.34,Ninguno,Operación Normal
EXP-0827,2025-04-06,Nexa Resources Perú,El Porvenir / Atacocha,Pasco,Zinc-Lead,Diamantina Subterránea,RIG-DD-038,Día (12h),487,5.3,41.18,92.1,10.6,1.4,305,915,98.0,40.6,Espera Geología,3702.66,4663.49,960.83,Ninguno,Operación Normal
EXP-0828,2025-04-07,Compañía Minera Coimolache,Tantahuatay,Cajamarca,Gold-Copper,Diamantina Superficial,RIG-DD-064,Día (12h),386,5.2,43.38,94.2,11.1,0.9,183,1101,103.2,62.0,Sin Parada / Operación Continua,2681.42,3855.47,1174.05,Ninguno,Operación Normal
EXP-0829,2025-04-08,Compañía Minera Coimolache,Tantahuatay,Cajamarca,Gold-Copper,Diamantina Subterránea,RIG-DD-069,Noche (12h),1361,5.4,22.47,93.7,10.2,1.8,267,1044,60.8,36.7,Falla Mecánica,1610.08,2342.72,732.64,Ninguno,Operación Normal
EXP-0830,2025-04-09,Minera Chinalco Perú,Toromocho,Junín,Copper,Diamantina Subterránea,RIG-DD-008,Día (12h),329,4.2,51.59,94.6,5.8,6.2,330,1009,54.1,59.4,Espera Geología,4762.84,5223.83,460.99,Ninguno,Mantenimiento / Parada
EXP-0831,2025-04-10,Compañía Minera Coimolache,Tantahuatay,Cajamarca,Gold-Copper,Diamantina Superficial,RIG-DD-034,Noche (12h),393,7.2,19.29,91.2,11.8,0.2,355,828,82.3,40.5,Sin Parada / Operación Continua,1595.35,2056.45,461.1,Casi Accidente,Baja Eficiencia / Roca Dura
EXP-0832,2025-04-11,Minsur S.A.,San Rafael,Puno,Tin,Diamantina Superficial,RIG-DD-048,Día (12h),515,7.8,8.0,85.4,11.1,0.9,390,626,89.7,30.3,Sin Parada / Operación Continua,1010.3,1258.64,248.34,Ninguno,Baja Eficiencia / Roca Dura
EXP-0833,2025-04-12,  Volcan Compañía Minera  ,Chungar / Yauli,Junín,Zinc-Lead-Silver,Diamantina Subterránea,RIG-DD-056,Noche (12h),343,8.2,32.24,88.7,11.1,0.9,438,501,62.6,53.2,Sin Parada / Operación Continua,2645.18,3766.72,1121.54,Ninguno,Operación Normal
EXP-0834,2025-04-13,Compañía Minera Antamina,Antamina,Áncash,Copper-Zinc,Diamantina Superficial,RIG-DD-076,Noche (12h),215,6.0,28.54,87.8,10.5,1.5,270,528,95.1,39.0,,1685.89,2515.81,829.92,Ninguno,Operación Normal
EXP-0835,2025-04-14,Minera Chinalco Perú,Toromocho,Junín,Copper,Diamantina Superficial,RIG-DD-102,Noche (12h),1525,7.0,23.66,90.5,11.7,0.3,438,834,94.4,39.2,Sin Parada / Operación Continua,1905.82,2533.12,627.3,Ninguno,Baja Eficiencia / Roca Dura
EXP-0836,2025-04-15,Compañía Minera Antamina,Antamina,Áncash,Copper-Zinc,Pozos de Agua,RIG-RC-001,Noche (12h),622,7.8,17.16,86.4,11.7,0.3,370,1025,94.5,32.9,Sin Parada / Operación Continua,1118.34,1818.77,700.43,Ninguno,Baja Eficiencia / Roca Dura
EXP-0837,2025-04-16,Gold Fields La Cima,Cerro Corona,Cajamarca,Gold-Copper,Diamantina Superficial,RIG-DD-031,Noche (12h),444,5.6,40.22,87.9,11.4,0.6,260,457,103.8,58.1,Sin Parada / Operación Continua,2229.83,3634.42,1404.59,Ninguno,Operación Normal
EXP-0838,2025-04-17,Compañía Minera Antamina,Antamina,Áncash,Copper-Zinc,Diamantina Subterránea,RIG-DD-004,Noche (12h),1126,5.0,59.13,93.8,6.4,5.6,317,663,48.2,67.1,Condición Climatológica,4917.44,6175.39,1257.95,Ninguno,Mantenimiento / Parada
EXP-0839,2025-04-18,Compañía Minera Antamina,Antamina,Áncash,Copper-Zinc,Pozos de Agua,RIG-RC-017,Noche (12h),1330,8.2,9.83,86.5,9.6,2.4,305,474,68.6,42.7,Mantenimiento Preventivo,906.69,1010.89,104.2,Ninguno,Baja Eficiencia / Roca Dura
EXP-0840,2025-04-19,Minera Chinalco Perú,Toromocho,Junín,Copper,Diamantina Superficial,RIG-DD-050,Día (12h),1311,6.1,33.75,86.2,10.0,2.0,409,899,89.6,57.9,Falla Mecánica,2164.41,3309.12,1144.71,Ninguno,Operación Normal
EXP-0841,2025-04-20,Nexa Resources Perú,El Porvenir / Atacocha,Pasco,Zinc-Lead,Diamantina Superficial,RIG-DD-069,Día (12h),328,6.0,37.97,84.7,8.9,3.1,199,906,75.4,42.6,Cambio de Broca,2446.61,3121.48,674.87,Ninguno,Operación Normal
EXP-0842,2025-04-21,Marcobre S.A.C.,Mina Justa,Ica,Copper,Diamantina Superficial,RIG-DD-030,Día (12h),1106,4.4,42.85,93.7,11.8,0.2,228,910,109.7,53.8,Sin Parada / Operación Continua,2190.56,3566.68,1376.12,Ninguno,Operación Normal
EXP-0843,2025-04-22,Compañía Minera Coimolache,Tantahuatay,Cajamarca,Gold-Copper,Diamantina Superficial,RIG-DD-088,Noche (12h),1086,4.0,50.42,99.9,8.5,3.5,314,647,78.7,47.2,Mantenimiento Preventivo,3155.9,4469.68,1313.78,Ninguno,Operación Normal
EXP-0844,2025-04-23,Compañía Minera Coimolache,Tantahuatay,Cajamarca,Gold-Copper,Diamantina Superficial,RIG-DD-059,Día (12h),540,7.7,28.16,88.6,10.4,1.6,208,543,73.1,47.5,Condición Climatológica,1789.51,2683.16,893.65,Ninguno,Baja Eficiencia / Roca Dura
EXP-0845,2025-04-24,Minsur S.A.,San Rafael,Puno,Tin,Diamantina Subterránea,RIG-DD-067,Noche (12h),203,6.6,26.15,,11.3,0.7,227,886,82.4,43.2,Sin Parada / Operación Continua,2063.27,3187.14,1123.87,Ninguno,Operación Normal
EXP-0846,2025-04-25,Minera Chinalco Perú,Toromocho,Junín,Copper,Diamantina Superficial,RIG-DD-075,Noche (12h),1550,5.1,41.49,96.0,9.0,3.0,448,976,,43.4,Mantenimiento Preventivo,2978.47,3621.19,642.72,Ninguno,Operación Normal
EXP-0847,2025-04-26,Minsur S.A.,San Rafael,Puno,Tin,Diamantina Superficial,RIG-DD-045,Noche (12h),1633,4.5,45.55,96.7,9.1,2.9,182,1139,74.1,47.8,Falla Mecánica,3198.27,3842.45,644.18,Ninguno,Operación Normal
EXP-0848,2025-04-27,Volcan Compañía Minera,Chungar / Yauli,Junín,Zinc-Lead-Silver,Pozos de Agua,RIG-RC-004,Noche (12h),505,6.3,33.77,94.2,8.6,3.4,437,827,59.8,48.8,Condición Climatológica,2611.19,3285.86,674.67,Casi Accidente,Operación Normal
EXP-0849,2025-04-28,Volcan Compañía Minera,Chungar / Yauli,Junín,Zinc-Lead-Silver,Diamantina Subterránea,RIG-DD-026,Día (12h),1107,6.4,35.75,92.3,11.8,0.2,195,1036,102.0,49.9,Sin Parada / Operación Continua,2488.98,3618.0,1129.02,Ninguno,Operación Normal
EXP-0850,2025-04-29,Minsur S.A.,San Rafael,Puno,Tin,Diamantina Subterránea,RIG-DD-027,Noche (12h),806,4.5,53.69,96.7,5.7,6.3,273,553,34.1,53.1,Cambio de Broca,4166.23,5814.23,1648.0,Ninguno,Mantenimiento / Parada
EXP-0851,2025-04-30,Minera Chinalco Perú,Toromocho,Junín,Copper,Diamantina Superficial,RIG-DD-046,Noche (12h),1448,7.8,38.1,89.6,6.2,5.8,313,1129,37.0,51.7,Falla Mecánica,2593.98,3195.99,602.01,Ninguno,Mantenimiento / Parada
EXP-0852,2025-05-01,Minsur S.A.,San Rafael,Puno,Tin,Diamantina Subterránea,RIG-DD-064,Día (12h),1571,3.9,32.53,93.8,11.2,0.8,312,1076,70.8,31.4,Sin Parada / Operación Continua,2495.49,3799.59,1304.1,Casi Accidente,Operación Normal
EXP-0853,2025-05-02,Compañía Minera Coimolache,Tantahuatay,Cajamarca,Gold-Copper,Diamantina Superficial,RIG-DD-091,Día (12h),1191,5.3,41.26,,11.9,0.1,211,488,69.5,44.3,Sin Parada / Operación Continua,2338.71,3378.02,1039.31,Ninguno,Operación Normal
EXP-0854,2025-05-03,Minera Barrick Misquichilca,Lagunas Norte,La Libertad,Gold,Diamantina Superficial,RIG-DD-051,Noche (12h),520,6.9,18.88,87.6,11.7,0.3,448,907,93.4,34.6,Sin Parada / Operación Continua,1465.71,1964.13,498.42,Ninguno,Operación Normal
EXP-0855,2025-05-04,Compañía Minera Antamina,Antamina,Áncash,Copper-Zinc,Diamantina Superficial,RIG-DD-050,Noche (12h),758,4.9,42.72,96.5,3.1,8.9,204,813,18.9,55.2,Falla Mecánica,3827.74,3936.86,109.12,Ninguno,Mantenimiento / Parada
EXP-0856,2025-05-05,Minera Barrick Misquichilca,Lagunas Norte,La Libertad,Gold,Circulación Reversa,RIG-RC-006,Día (12h),1404,7.6,61.25,86.7,10.5,1.5,238,584,64.5,79.4,Condición Climatológica,3523.4,5077.87,1554.47,Ninguno,Operación Normal
EXP-0857,2025-05-06,Minera Chinalco Perú,Toromocho,Junín,Copper,Diamantina Superficial,RIG-DD-059,Noche (12h),817,7.2,36.98,88.2,11.2,0.8,392,823,62.2,61.6,Sin Parada / Operación Continua,2161.4,3421.44,1260.04,Ninguno,Operación Normal
EXP-0858,2025-05-07,Minera Barrick Misquichilca,Lagunas Norte,La Libertad,Gold,Diamantina Superficial,RIG-DD-015,Noche (12h),910,7.4,35.76,84.7,11.4,0.6,335,681,98.4,54.1,Sin Parada / Operación Continua,2549.01,3364.8,815.79,Ninguno,Operación Normal
EXP-0859,2025-05-08,Volcan Compañía Minera,Chungar / Yauli,Junín,Zinc-Lead-Silver,Diamantina Superficial,RIG-DD-030,Día (12h),1609,4.1,62.08,93.1,11.5,0.5,455,488,100.6,65.0,Sin Parada / Operación Continua,3518.24,5297.9,1779.66,Ninguno,Alta Eficiencia
EXP-0860,2025-05-09,Gold Fields La Cima,Cerro Corona,Cajamarca,Gold-Copper,Diamantina Superficial,RIG-DD-042,Noche (12h),1331,4.2,50.01,94.6,10.0,2.0,389,496,61.5,56.8,Condición Climatológica,3516.78,4505.95,989.17,Ninguno,Operación Normal
EXP-0861,2025-05-10,Compañía Minera Antamina,Antamina,Áncash,Copper-Zinc,Diamantina Subterránea,RIG-DD-101,Noche (12h),730,4.9,56.99,94.7,11.0,1.0,236,485,93.0,64.6,Mantenimiento Preventivo,4135.13,5882.15,1747.02,Ninguno,Alta Eficiencia
EXP-0862,2025-05-11,Marcobre S.A.C.,Mina Justa,Ica,Copper,Diamantina Subterránea,RIG-DD-037,Noche (12h),609,6.1,48.97,89.4,5.9,6.1,364,544,42.7,51.0,Cambio de Broca,4338.66,4956.03,617.37,Ninguno,Mantenimiento / Parada
EXP-0863,2025-05-12,Minera Chinalco Perú,Toromocho,Junín,Copper,Diamantina Subterránea,RIG-DD-042,Noche (12h),1519,7.2,28.51,87.0,9.9,2.1,233,810,63.9,54.8,Mantenimiento Preventivo,2488.51,2937.14,448.63,Casi Accidente,Baja Eficiencia / Roca Dura
EXP-0864,2025-05-13,Compañía Minera Antamina,Antamina,Áncash,Copper-Zinc,Diamantina Superficial,RIG-DD-101,Día (12h),1017,7.7,32.82,90.1,9.2,2.8,388,974,73.5,40.8,Mantenimiento Preventivo,2482.94,2809.38,326.44,Ninguno,Operación Normal
EXP-0865,2025-05-14,Minera Barrick Misquichilca,Lagunas Norte,La Libertad,Gold,Diamantina Superficial,RIG-DD-035,Día (12h),1394,7.0,29.33,90.0,11.4,0.6,472,595,70.8,51.2,Sin Parada / Operación Continua,1779.71,2485.67,705.96,Ninguno,Baja Eficiencia / Roca Dura
EXP-0866,2025-05-15,Volcan Compañía Minera,Chungar / Yauli,Junín,Zinc-Lead-Silver,Diamantina Superficial,RIG-DD-087,Día (12h),1554,8.1,31.48,88.1,11.9,0.1,431,817,101.5,50.8,Sin Parada / Operación Continua,1987.79,2895.77,907.98,Ninguno,Baja Eficiencia / Roca Dura
EXP-0867,2025-05-16,Nexa Resources Perú,El Porvenir / Atacocha,Pasco,Zinc-Lead,Diamantina Superficial,RIG-DD-006,Día (12h),692,7.2,26.11,93.2,10.8,1.2,291,514,61.5,37.9,Falla Mecánica,1580.72,2269.22,688.5,Ninguno,Baja Eficiencia / Roca Dura
EXP-0868,2025-05-17,Marcobre S.A.C.,Mina Justa,Ica,Copper,Diamantina Superficial,RIG-DD-068,Día (12h),1418,5.0,40.12,91.5,11.3,0.7,185,677,105.5,51.1,Sin Parada / Operación Continua,2563.74,3232.36,668.62,Ninguno,Operación Normal
EXP-0869,2025-05-18,Compañía Minera Antamina,Antamina,Áncash,Copper-Zinc,Diamantina Subterránea,RIG-DD-018,Noche (12h),211,4.8,37.64,93.3,11.6,0.4,370,969,67.1,45.2,Sin Parada / Operación Continua,2598.27,3797.39,1199.12,Ninguno,Operación Normal
EXP-0870,2025-05-19,Volcan Compañía Minera,Chungar / Yauli,Junín,Zinc-Lead-Silver,Diamantina Superficial,RIG-DD-073,Noche (12h),394,7.0,27.61,90.7,6.5,5.5,458,1004,50.8,40.6,Condición Climatológica,2337.1,2769.69,432.59,Ninguno,Mantenimiento / Parada
EXP-0871,2025-05-20,Volcan Compañía Minera,Chungar / Yauli,Junín,Zinc-Lead-Silver,Diamantina Superficial,RIG-DD-029,Noche (12h),689,4.5,49.68,91.4,10.9,1.1,192,630,99.3,48.0,Falla Mecánica,2985.38,4280.87,1295.49,Ninguno,Operación Normal
EXP-0872,2025-05-21,Minera Barrick Misquichilca,Lagunas Norte,La Libertad,Gold,Diamantina Superficial,RIG-DD-077,Noche (12h),994,4.0,45.43,95.7,11.7,0.3,223,950,64.9,42.5,Sin Parada / Operación Continua,2349.94,3822.1,1472.16,Ninguno,Operación Normal
EXP-0873,2025-05-22,Compañía Minera Coimolache,Tantahuatay,Cajamarca,Gold-Copper,Diamantina Superficial,RIG-DD-059,Noche (12h),1080,6.2,33.4,90.7,11.6,0.4,284,1046,86.9,43.4,Sin Parada / Operación Continua,2253.89,3241.54,987.65,Ninguno,Operación Normal
EXP-0874,2025-05-23,Minera Barrick Misquichilca,Lagunas Norte,La Libertad,Gold,Diamantina Superficial,RIG-DD-047,Día (12h),381,7.6,19.99,96.1,11.4,0.6,339,604,78.7,37.5,Sin Parada / Operación Continua,1277.47,1741.37,463.9,Ninguno,Baja Eficiencia / Roca Dura
EXP-0875,2025-05-24,Compañía Minera Coimolache,Tantahuatay,Cajamarca,Gold-Copper,Pozos de Agua,RIG-RC-020,Día (12h),1161,4.0,44.38,95.3,2.0,10.0,333,984,15.6,42.9,Cambio de Broca,3865.77,4116.69,250.92,Ninguno,Mantenimiento / Parada
EXP-0876,2025-05-25,Compañía Minera Coimolache,Tantahuatay,Cajamarca,Gold-Copper,Diamantina Subterránea,RIG-DD-017,Noche (12h),855,7.5,33.29,91.5,11.4,0.6,421,1076,73.0,50.4,Sin Parada / Operación Continua,2290.24,3732.33,1442.09,Ninguno,Operación Normal
EXP-0877,2025-05-26,Marcobre S.A.C.,Mina Justa,Ica,Copper,Pozos de Agua,RIG-RC-013,Noche (12h),1539,7.6,33.9,90.3,11.3,0.7,360,884,65.1,45.7,Sin Parada / Operación Continua,2276.78,2852.58,575.8,Ninguno,Operación Normal
EXP-0878,2025-05-27,Minera Barrick Misquichilca,Lagunas Norte,La Libertad,Gold,Diamantina Superficial,RIG-DD-096,Día (12h),893,5.9,46.05,87.7,10.1,1.9,193,548,80.8,57.9,Mantenimiento Preventivo,3211.64,4061.19,849.55,Ninguno,Operación Normal
EXP-0879,2025-05-28,Nexa Resources Perú,El Porvenir / Atacocha,Pasco,Zinc-Lead,Diamantina Superficial,RIG-DD-022,Noche (12h),229,3.8,53.93,90.8,11.4,0.6,359,1065,81.7,62.5,Sin Parada / Operación Continua,3588.63,4702.78,1114.15,Ninguno,Operación Normal
EXP-0880,2025-05-29,Minsur S.A.,San Rafael,Puno,Tin,Diamantina Superficial,RIG-DD-068,Día (12h),1319,4.4,49.62,94.9,11.6,0.4,471,821,92.7,56.0,Sin Parada / Operación Continua,2778.52,4179.11,1400.59,Ninguno,Operación Normal
EXP-0881,2025-05-30,Minsur S.A.,San Rafael,Puno,Tin,Diamantina Superficial,RIG-DD-069,Noche (12h),1604,7.0,20.49,92.8,11.7,0.3,443,1012,74.2,37.6,Sin Parada / Operación Continua,1686.1,2253.73,567.63,Ninguno,Baja Eficiencia / Roca Dura
EXP-0882,2025-05-31,Minera Barrick Misquichilca,Lagunas Norte,La Libertad,Gold,Diamantina Subterránea,RIG-DD-037,Noche (12h),977,7.1,31.52,89.7,11.3,0.7,347,811,77.5,44.9,Sin Parada / Operación Continua,2308.08,3284.84,976.76,Ninguno,Baja Eficiencia / Roca Dura
EXP-0883,2025-06-01,Minera Barrick Misquichilca,Lagunas Norte,La Libertad,Gold,Diamantina Superficial,RIG-DD-105,Noche (12h),643,8.0,22.36,87.2,11.8,0.2,393,561,91.4,49.9,Sin Parada / Operación Continua,1291.91,2044.3,752.39,Ninguno,Baja Eficiencia / Roca Dura
EXP-0884,2025-06-02,Marcobre S.A.C.,Mina Justa,Ica,Copper,Diamantina Superficial,RIG-DD-049,Noche (12h),497,6.4,56.55,89.3,12.0,0.0,329,902,94.5,65.4,Sin Parada / Operación Continua,2720.38,4497.35,1776.97,Ninguno,Operación Normal
EXP-0885,2025-06-03,Minera Barrick Misquichilca,Lagunas Norte,La Libertad,Gold,Diamantina Superficial,RIG-DD-013,Noche (12h),1007,4.1,60.9,90.8,9.1,2.9,195,618,63.6,75.5,Cambio de Broca,3524.28,4894.03,1369.75,Ninguno,Operación Normal
EXP-0886,2025-06-04,Compañía Minera Coimolache,Tantahuatay,Cajamarca,Gold-Copper,Diamantina Superficial,RIG-DD-034,Noche (12h),1044,4.1,54.72,91.9,11.7,0.3,270,1033,77.5,52.0,Sin Parada / Operación Continua,2737.74,4447.24,1709.5,Ninguno,Operación Normal
EXP-0887,2025-06-05,Volcan Compañía Minera,Chungar / Yauli,Junín,Zinc-Lead-Silver,Diamantina Subterránea,RIG-DD-086,Noche (12h),1215,7.1,27.87,83.9,9.3,2.7,299,588,61.3,46.0,Condición Climatológica,2973.44,3398.23,424.79,Ninguno,Baja Eficiencia / Roca Dura
EXP-0888,2025-06-06,Volcan Compañía Minera,Chungar / Yauli,Junín,Zinc-Lead-Silver,Diamantina Superficial,RIG-DD-053,Noche (12h),1584,4.4,57.81,90.9,9.1,2.9,432,680,56.4,68.4,Condición Climatológica,3051.0,4582.62,1531.62,Ninguno,Operación Normal
EXP-0889,2025-06-07,Compañía Minera Coimolache,Tantahuatay,Cajamarca,Gold-Copper,Diamantina Superficial,RIG-DD-087,Noche (12h),1597,5.1,36.87,91.2,10.6,1.4,239,688,72.1,42.6,Espera Geología,2320.83,3221.7,900.87,Ninguno,Operación Normal
EXP-0890,2025-06-08,Minera Chinalco Perú,Toromocho,Junín,Copper,Diamantina Superficial,RIG-DD-051,Día (12h),753,5.9,46.92,93.5,11.3,0.7,445,702,71.2,55.6,Sin Parada / Operación Continua,2791.45,4038.44,1246.99,Ninguno,Operación Normal
EXP-0891,2025-06-09,Compañía Minera Coimolache,Tantahuatay,Cajamarca,Gold-Copper,Diamantina Superficial,RIG-DD-003,Día (12h),502,3.6,47.5,94.5,11.7,0.3,210,885,94.0,53.5,Sin Parada / Operación Continua,2789.64,4301.72,1512.08,Ninguno,Operación Normal
EXP-0892,2025-06-10,Nexa Resources Perú,El Porvenir / Atacocha,Pasco,Zinc-Lead,Diamantina Subterránea,RIG-DD-042,Noche (12h),620,4.7,42.91,94.4,9.6,2.4,200,1010,74.7,51.8,Cambio de Broca,3672.62,4875.07,1202.45,Casi Accidente,Operación Normal
EXP-0893,2025-06-11,Gold Fields La Cima,Cerro Corona,Cajamarca,Gold-Copper,Circulación Reversa,RIG-RC-002,Día (12h),1469,5.5,56.29,92.4,10.3,1.7,398,871,72.4,66.2,Falla Mecánica,3176.98,4873.78,1696.8,Ninguno,Alta Eficiencia
EXP-0894,2025-06-12,Compañía Minera Antamina,Antamina,Áncash,Copper-Zinc,Pozos de Agua,RIG-RC-013,Día (12h),1460,4.9,50.71,94.7,10.1,1.9,260,752,68.7,62.8,Cambio de Broca,3606.68,4585.72,979.04,Ninguno,Operación Normal
EXP-0895,2025-06-13,Compañía Minera Coimolache,Tantahuatay,Cajamarca,Gold-Copper,Diamantina Subterránea,RIG-DD-051,Noche (12h),1757,4.2,53.4,91.5,12.0,0.0,468,521,77.4,55.4,Sin Parada / Operación Continua,3714.25,5745.26,2031.01,Ninguno,Operación Normal
EXP-0896,2025-06-14,Minera Barrick Misquichilca,Lagunas Norte,La Libertad,Gold,Diamantina Superficial,RIG-DD-085,Noche (12h),384,7.1,23.71,92.0,7.3,4.7,210,712,55.8,48.2,Mantenimiento Preventivo,2348.89,2556.17,207.28,Ninguno,Mantenimiento / Parada
EXP-0897,2025-06-15,Minera Barrick Misquichilca,Lagunas Norte,La Libertad,Gold,Diamantina Subterránea,RIG-DD-046,Noche (12h),667,7.6,16.77,83.6,11.9,0.1,413,671,109.2,28.2,Sin Parada / Operación Continua,1615.54,2217.51,601.97,Ninguno,Baja Eficiencia / Roca Dura
EXP-0898,2025-06-16,Marcobre S.A.C.,Mina Justa,Ica,Copper,Diamantina Superficial,RIG-DD-021,Día (12h),953,4.8,57.63,92.1,11.2,0.8,215,526,92.3,67.8,Sin Parada / Operación Continua,3559.27,4570.11,1010.84,Ninguno,Alta Eficiencia
EXP-0899,2025-06-17,Compañía Minera Coimolache,Tantahuatay,Cajamarca,Gold-Copper,Diamantina Superficial,RIG-DD-044,Día (12h),562,7.4,24.73,88.1,11.1,0.9,311,511,94.1,48.5,Sin Parada / Operación Continua,1823.4,2295.9,472.5,Ninguno,Baja Eficiencia / Roca Dura
EXP-0900,2025-06-18,Marcobre S.A.C.,Mina Justa,Ica,Copper,Diamantina Subterránea,RIG-DD-011,Día (12h),1506,5.4,35.66,94.5,12.0,0.0,311,920,106.1,42.0,Sin Parada / Operación Continua,2789.57,3975.66,1186.09,Ninguno,Operación Normal
EXP-0901,2025-06-19,Compañía Minera Coimolache,Tantahuatay,Cajamarca,Gold-Copper,Diamantina Superficial,RIG-DD-103,Día (12h),1776,6.0,52.38,95.1,10.8,1.2,188,606,74.6,54.4,Condición Climatológica,2997.62,4338.93,1341.31,Ninguno,Alta Eficiencia
EXP-0902,2025-06-20,Compañía Minera Antamina,Antamina,Áncash,Copper-Zinc,Circulación Reversa,RIG-RC-004,Día (12h),535,7.8,47.34,89.7,9.5,2.5,209,574,54.6,61.7,Condición Climatológica,2964.39,3914.53,950.14,Ninguno,Operación Normal
EXP-0903,2025-06-21,Gold Fields La Cima,Cerro Corona,Cajamarca,Gold-Copper,Diamantina Superficial,RIG-DD-001,Día (12h),361,7.2,36.51,,8.9,3.1,294,610,71.1,54.0,Cambio de Broca,2782.13,3284.69,502.56,Ninguno,Operación Normal
EXP-0904,2025-06-22,Volcan Compañía Minera,Chungar / Yauli,Junín,Zinc-Lead-Silver,Diamantina Subterránea,RIG-DD-092,Noche (12h),1383,7.5,15.79,85.5,8.2,3.8,183,990,51.3,34.0,Cambio de Broca,2163.56,2260.15,96.59,Ninguno,Baja Eficiencia / Roca Dura
EXP-0905,2025-06-23,Minsur S.A.,San Rafael,Puno,Tin,Diamantina Subterránea,RIG-DD-063,Noche (12h),1697,4.2,48.56,98.2,10.8,1.2,416,1075,84.0,55.6,Cambio de Broca,3048.17,4834.19,1786.02,Ninguno,Operación Normal
EXP-0906,2025-06-24,Compañía Minera Coimolache,Tantahuatay,Cajamarca,Gold-Copper,Circulación Reversa,RIG-RC-003,Día (12h),1545,3.8,88.62,98.5,10.2,1.8,202,1040,86.3,94.9,Mantenimiento Preventivo,5017.17,7308.04,2290.87,Ninguno,Alta Eficiencia
EXP-0907,2025-06-25,Gold Fields La Cima,Cerro Corona,Cajamarca,Gold-Copper,Diamantina Subterránea,RIG-DD-013,Día (12h),211,8.0,20.54,79.8,11.9,0.1,195,984,102.8,34.3,Sin Parada / Operación Continua,1912.51,2584.94,672.43,Ninguno,Baja Eficiencia / Roca Dura
EXP-0908,2025-06-26,Volcan Compañía Minera,Chungar / Yauli,Junín,Zinc-Lead-Silver,Diamantina Subterránea,RIG-DD-098,Noche (12h),1647,5.4,43.75,91.5,10.8,1.2,201,555,72.4,42.9,Mantenimiento Preventivo,3432.09,4934.62,1502.53,Ninguno,Operación Normal
EXP-0909,2025-06-27,Minera Chinalco Perú,Toromocho,Junín,Copper,Diamantina Superficial,RIG-DD-011,Día (12h),1296,4.9,41.49,95.0,11.7,0.3,251,580,88.3,48.9,Sin Parada / Operación Continua,2537.86,3870.18,1332.32,Ninguno,Operación Normal
EXP-0910,2025-06-28,Compañía Minera Antamina,Antamina,Áncash,Copper-Zinc,Diamantina Superficial,RIG-DD-100,Noche (12h),787,7.1,15.42,87.3,11.2,0.8,409,806,89.4,30.7,Sin Parada / Operación Continua,1297.24,1813.84,516.6,Ninguno,Baja Eficiencia / Roca Dura
EXP-0911,2025-06-29,Marcobre S.A.C.,Mina Justa,Ica,Copper,Diamantina Superficial,RIG-DD-051,Día (12h),400,7.7,35.12,84.3,11.3,0.7,286,1134,99.2,50.0,Sin Parada / Operación Continua,2288.17,3146.25,858.08,Ninguno,Operación Normal
EXP-0912,2025-06-30,Marcobre S.A.C.,Mina Justa,Ica,Copper,Diamantina Subterránea,RIG-DD-017,Día (12h),721,7.8,18.78,93.7,11.0,1.0,387,451,94.0,45.4,Falla Mecánica,1763.11,2106.66,343.55,Ninguno,Baja Eficiencia / Roca Dura
EXP-0913,2025-07-01,Minera Barrick Misquichilca,Lagunas Norte,La Libertad,Gold,Diamantina Superficial,RIG-DD-099,Día (12h),704,5.1,46.51,93.1,10.5,1.5,387,682,99.2,53.5,Cambio de Broca,2904.84,4015.39,1110.55,Ninguno,Operación Normal
EXP-0914,2025-07-02,Volcan Compañía Minera,Chungar / Yauli,Junín,Zinc-Lead-Silver,Diamantina Subterránea,RIG-DD-082,Día (12h),987,7.8,28.22,87.8,7.8,4.2,442,818,43.2,46.8,Falla Mecánica,2580.54,3340.11,759.57,Casi Accidente,Baja Eficiencia / Roca Dura
EXP-0915,2025-07-03,Minera Chinalco Perú,Toromocho,Junín,Copper,Diamantina Superficial,RIG-DD-104,Noche (12h),1262,3.7,57.87,91.7,11.1,0.9,230,700,80.5,57.1,Sin Parada / Operación Continua,3218.41,5077.65,1859.24,Ninguno,Operación Normal
EXP-0916,2025-07-04,Gold Fields La Cima,Cerro Corona,Cajamarca,Gold-Copper,Diamantina Superficial,RIG-DD-086,Noche (12h),259,3.7,49.73,93.8,4.9,7.1,244,557,32.0,52.3,Espera Geología,3443.37,4403.58,960.21,Ninguno,Mantenimiento / Parada
EXP-0917,2025-07-05,Compañía Minera Antamina,Antamina,Áncash,Copper-Zinc,Diamantina Subterránea,RIG-DD-024,Noche (12h),777,6.6,41.48,87.1,9.4,2.6,444,725,56.2,55.7,Mantenimiento Preventivo,3257.36,4257.76,1000.4,Ninguno,Operación Normal
EXP-0918,2025-07-06,Volcan Compañía Minera,Chungar / Yauli,Junín,Zinc-Lead-Silver,Diamantina Superficial,RIG-DD-019,Día (12h),520,3.8,58.71,98.6,10.7,1.3,354,629,97.9,74.2,Condición Climatológica,3575.12,4963.06,1387.94,Ninguno,Alta Eficiencia
EXP-0919,2025-07-07,Minera Chinalco Perú,Toromocho,Junín,Copper,Diamantina Superficial,RIG-DD-037,Noche (12h),1658,5.1,45.79,94.3,10.1,1.9,331,742,95.9,54.9,Espera Geología,2608.81,3833.55,1224.74,Ninguno,Operación Normal
EXP-0920,2025-07-08,Minsur S.A.,San Rafael,Puno,Tin,Diamantina Superficial,RIG-DD-103,Noche (12h),1631,6.9,31.2,87.5,11.8,0.2,445,1033,73.4,52.5,Sin Parada / Operación Continua,1854.4,2545.52,691.12,Ninguno,Operación Normal
EXP-0921,2025-07-09,Compañía Minera Coimolache,Tantahuatay,Cajamarca,Gold-Copper,Pozos de Agua,RIG-RC-008,Noche (12h),1122,5.2,56.86,94.3,8.6,3.4,342,624,,63.9,Condición Climatológica,3746.63,4584.63,838.0,Ninguno,Alta Eficiencia
EXP-0922,2025-07-10,Marcobre S.A.C.,Mina Justa,Ica,Copper,Diamantina Subterránea,RIG-DD-028,Día (12h),1609,4.4,43.96,93.4,10.4,1.6,417,572,68.6,39.7,Espera Geología,2999.89,4444.13,1444.24,Ninguno,Operación Normal
EXP-0923,2025-07-11,Gold Fields La Cima,Cerro Corona,Cajamarca,Gold-Copper,Diamantina Superficial,RIG-DD-005,Día (12h),768,4.9,49.12,93.9,4.3,7.7,378,676,38.0,52.8,Falla Mecánica,3772.08,4389.63,617.55,Ninguno,Mantenimiento / Parada
EXP-0924,2025-07-12,Marcobre S.A.C.,Mina Justa,Ica,Copper,Diamantina Superficial,RIG-DD-017,Noche (12h),1301,5.8,34.37,92.1,10.2,1.8,195,893,68.1,47.4,Falla Mecánica,2498.03,2932.85,434.82,Ninguno,Operación Normal
EXP-0925,2025-07-13,Gold Fields La Cima,Cerro Corona,Cajamarca,Gold-Copper,Diamantina Superficial,RIG-DD-101,Noche (12h),1417,5.9,22.31,92.5,8.8,3.2,475,877,50.4,39.9,Mantenimiento Preventivo,1722.57,2044.07,321.5,Ninguno,Operación Normal
EXP-0926,2025-07-14,Minera Barrick Misquichilca,Lagunas Norte,La Libertad,Gold,Diamantina Subterránea,RIG-DD-036,Día (12h),1508,7.4,10.1,89.1,9.1,2.9,455,532,52.0,31.7,Condición Climatológica,1618.63,1735.46,116.83,Ninguno,Baja Eficiencia / Roca Dura
EXP-0927,2025-07-15,Gold Fields La Cima,Cerro Corona,Cajamarca,Gold-Copper,Diamantina Subterránea,RIG-DD-019,Día (12h),726,7.3,18.48,89.7,11.2,0.8,418,1107,80.7,41.9,,1559.83,2183.05,623.22,Ninguno,Baja Eficiencia / Roca Dura
EXP-0928,2025-07-16,Marcobre S.A.C.,Mina Justa,Ica,Copper,Diamantina Superficial,RIG-DD-064,Día (12h),723,5.8,33.33,95.2,11.5,0.5,248,1081,106.1,37.9,Sin Parada / Operación Continua,2058.47,2705.5,647.03,Incidente Menor,Operación Normal
EXP-0929,2025-07-17,Gold Fields La Cima,Cerro Corona,Cajamarca,Gold-Copper,Diamantina Superficial,RIG-DD-091,Noche (12h),812,7.7,40.78,89.5,11.0,1.0,185,514,73.1,57.3,Espera Geología,2636.08,3428.81,792.73,Ninguno,Operación Normal
EXP-0930,2025-07-18,Minsur S.A.,San Rafael,Puno,Tin,Diamantina Superficial,RIG-DD-098,Día (12h),1379,4.1,57.79,93.8,10.9,1.1,399,730,78.6,67.1,Cambio de Broca,3418.5,4605.83,1187.33,Ninguno,Alta Eficiencia
EXP-0931,2025-07-19,Minera Barrick Misquichilca,Lagunas Norte,La Libertad,Gold,Diamantina Subterránea,RIG-DD-011,Noche (12h),1563,4.8,52.91,93.1,11.5,0.5,433,840,67.9,53.6,Sin Parada / Operación Continua,4031.16,5288.14,1256.98,Ninguno,Alta Eficiencia
EXP-0932,2025-07-20,Gold Fields La Cima,Cerro Corona,Cajamarca,Gold-Copper,Diamantina Subterránea,RIG-DD-054,Noche (12h),324,7.6,19.1,91.5,8.0,4.0,474,877,59.8,44.3,Cambio de Broca,2062.52,2060.99,-1.53,Ninguno,Baja Eficiencia / Roca Dura
EXP-0933,2025-07-21,Volcan Compañía Minera,Chungar / Yauli,Junín,Zinc-Lead-Silver,Diamantina Superficial,RIG-DD-045,Noche (12h),1070,5.4,42.29,92.5,10.6,1.4,286,1067,,56.8,Mantenimiento Preventivo,2762.47,3727.71,965.24,Ninguno,Operación Normal
EXP-0934,2025-07-22,Nexa Resources Perú,El Porvenir / Atacocha,Pasco,Zinc-Lead,Diamantina Superficial,RIG-DD-047,Noche (12h),479,8.4,36.25,,5.1,6.9,474,556,33.6,49.2,Condición Climatológica,2730.79,3032.36,301.57,Casi Accidente,Mantenimiento / Parada
EXP-0935,2025-07-23,Minera Chinalco Perú,Toromocho,Junín,Copper,Diamantina Superficial,RIG-DD-012,Día (12h),1116,5.8,28.88,89.5,9.0,3.0,297,997,60.2,43.2,Cambio de Broca,2063.91,2582.75,518.84,Ninguno,Operación Normal
EXP-0936,2025-07-24,Nexa Resources Perú,El Porvenir / Atacocha,Pasco,Zinc-Lead,Pozos de Agua,RIG-RC-011,Noche (12h),821,7.5,28.65,88.8,10.5,1.5,347,1108,93.1,47.2,Mantenimiento Preventivo,2276.91,2865.96,589.05,Casi Accidente,Baja Eficiencia / Roca Dura
EXP-0937,2025-07-25,Nexa Resources Perú,El Porvenir / Atacocha,Pasco,Zinc-Lead,Diamantina Superficial,RIG-DD-103,Día (12h),1045,5.5,53.89,89.4,6.7,5.3,430,711,37.1,60.5,Mantenimiento Preventivo,3829.2,4496.35,667.15,Ninguno,Mantenimiento / Parada
EXP-0938,2025-07-26,Compañía Minera Antamina,Antamina,Áncash,Copper-Zinc,Diamantina Subterránea,RIG-DD-092,Noche (12h),873,5.6,47.93,95.7,10.7,1.3,261,608,86.1,49.1,Condición Climatológica,3420.17,5302.76,1882.59,Ninguno,Operación Normal
EXP-0939,2025-07-27,Minsur S.A.,San Rafael,Puno,Tin,Diamantina Subterránea,RIG-DD-005,Noche (12h),1351,5.4,56.21,89.1,8.1,3.9,233,714,57.3,61.7,Cambio de Broca,3914.29,5838.71,1924.42,Ninguno,Operación Normal
EXP-0940,2025-07-28,Volcan Compañía Minera,Chungar / Yauli,Junín,Zinc-Lead-Silver,Diamantina Superficial,RIG-DD-081,Día (12h),513,7.1,29.9,93.2,11.2,0.8,419,917,75.0,45.4,Sin Parada / Operación Continua,2017.76,2681.8,664.04,Ninguno,Baja Eficiencia / Roca Dura
EXP-0941,2025-07-29,Compañía Minera Coimolache,Tantahuatay,Cajamarca,Gold-Copper,Diamantina Superficial,RIG-DD-056,Noche (12h),531,6.2,40.23,89.7,11.1,0.9,191,651,90.2,43.6,Sin Parada / Operación Continua,2419.3,3667.48,1248.18,Ninguno,Operación Normal
EXP-0942,2025-07-30,Gold Fields La Cima,Cerro Corona,Cajamarca,Gold-Copper,Diamantina Superficial,RIG-DD-020,Noche (12h),1373,8.2,20.28,83.4,11.0,1.0,388,604,97.2,35.0,Cambio de Broca,1320.02,1764.91,444.89,Ninguno,Baja Eficiencia / Roca Dura
EXP-0943,2025-07-31,Minera Chinalco Perú,Toromocho,Junín,Copper,Diamantina Subterránea,RIG-DD-041,Día (12h),1677,4.8,50.87,94.0,10.6,1.4,344,462,82.0,52.2,Cambio de Broca,3877.72,5086.34,1208.62,Ninguno,Operación Normal
EXP-0944,2025-08-01,Minera Barrick Misquichilca,Lagunas Norte,La Libertad,Gold,Diamantina Subterránea,RIG-DD-046,Noche (12h),235,4.0,45.68,92.1,10.5,1.5,473,746,59.1,44.8,Falla Mecánica,3594.73,4930.78,1336.05,Ninguno,Operación Normal
EXP-0945,2025-08-02,Volcan Compañía Minera,Chungar / Yauli,Junín,Zinc-Lead-Silver,Diamantina Subterránea,RIG-DD-012,Noche (12h),1643,5.5,47.34,92.1,10.8,1.2,186,947,79.3,57.6,Cambio de Broca,3121.01,4989.46,1868.45,Ninguno,Operación Normal
EXP-0946,2025-08-03,Marcobre S.A.C.,Mina Justa,Ica,Copper,Diamantina Superficial,RIG-DD-070,Noche (12h),1245,6.6,34.55,88.1,11.3,0.7,257,1046,83.1,53.1,Sin Parada / Operación Continua,2099.19,3265.5,1166.31,Incidente Menor,Operación Normal
EXP-0947,2025-08-04,Compañía Minera Coimolache,Tantahuatay,Cajamarca,Gold-Copper,Diamantina Superficial,RIG-DD-017,Día (12h),405,7.8,23.1,90.2,7.3,4.7,244,694,56.0,41.1,Espera Geología,2112.6,2482.26,369.66,Ninguno,Mantenimiento / Parada
EXP-0948,2025-08-05,Compañía Minera Antamina,Antamina,Áncash,Copper-Zinc,Pozos de Agua,RIG-RC-019,Día (12h),838,5.2,57.37,93.0,10.4,1.6,281,749,85.1,67.2,Falla Mecánica,3182.98,4735.77,1552.79,Ninguno,Alta Eficiencia
EXP-0949,2025-08-06,Compañía Minera Antamina,Antamina,Áncash,Copper-Zinc,Diamantina Subterránea,RIG-DD-019,Día (12h),1047,6.8,28.48,85.8,11.1,0.9,479,811,61.9,48.9,Sin Parada / Operación Continua,2369.83,3263.45,893.62,Ninguno,Operación Normal
EXP-0950,2025-08-07,Volcan Compañía Minera,Chungar / Yauli,Junín,Zinc-Lead-Silver,Diamantina Superficial,RIG-DD-026,Noche (12h),1579,5.3,52.26,90.6,10.1,1.9,466,803,75.8,59.0,Falla Mecánica,3237.05,4419.92,1182.87,Ninguno,Operación Normal
EXP-0951,2025-08-08,Nexa Resources Perú,El Porvenir / Atacocha,Pasco,Zinc-Lead,Pozos de Agua,RIG-RC-016,Día (12h),639,6.6,42.66,91.9,9.4,2.6,350,970,73.8,57.4,Falla Mecánica,2787.37,3988.47,1201.1,Ninguno,Operación Normal
EXP-0952,2025-08-09,Marcobre S.A.C.,Mina Justa,Ica,Copper,Diamantina Subterránea,RIG-DD-052,Noche (12h),928,7.9,28.64,91.1,6.2,5.8,256,835,42.6,46.4,Falla Mecánica,2725.48,3419.45,693.97,Ninguno,Mantenimiento / Parada
EXP-0953,2025-08-10,Compañía Minera Antamina,Antamina,Áncash,Copper-Zinc,Diamantina Subterránea,RIG-DD-096,Día (12h),1319,4.7,39.68,93.5,10.8,1.2,227,761,88.3,41.6,Mantenimiento Preventivo,2918.51,4516.64,1598.13,Ninguno,Operación Normal
EXP-0954,2025-08-11,Minera Chinalco Perú,Toromocho,Junín,Copper,Diamantina Subterránea,RIG-DD-070,Noche (12h),1140,5.5,43.87,88.9,11.8,0.2,434,863,75.7,49.3,Sin Parada / Operación Continua,3535.67,4520.25,984.58,Ninguno,Operación Normal
EXP-0955,2025-08-12,Compañía Minera Antamina,Antamina,Áncash,Copper-Zinc,Diamantina Subterránea,RIG-DD-055,Día (12h),363,8.5,32.67,89.2,11.0,1.0,261,727,74.5,54.4,Espera Geología,2657.98,3767.17,1109.19,Incidente Menor,Operación Normal
EXP-0956,2025-08-13,Minera Barrick Misquichilca,Lagunas Norte,La Libertad,Gold,Diamantina Subterránea,RIG-DD-100,Día (12h),347,7.8,8.05,89.5,10.8,1.2,388,1042,,29.5,Condición Climatológica,990.92,1124.03,133.11,Ninguno,Baja Eficiencia / Roca Dura
EXP-0957,2025-08-14,Gold Fields La Cima,Cerro Corona,Cajamarca,Gold-Copper,Diamantina Superficial,RIG-DD-102,Día (12h),1753,6.3,33.1,94.3,7.9,4.1,388,805,54.4,50.2,Cambio de Broca,2597.11,2807.75,210.64,Ninguno,Operación Normal
EXP-0958,2025-08-15,Compañía Minera Antamina,Antamina,Áncash,Copper-Zinc,Diamantina Superficial,RIG-DD-075,Día (12h),493,6.1,45.5,91.7,11.1,0.9,263,974,,46.8,Sin Parada / Operación Continua,2959.39,4179.06,1219.67,Incidente Menor,Operación Normal
EXP-0959,2025-08-16,Minera Barrick Misquichilca,Lagunas Norte,La Libertad,Gold,Circulación Reversa,RIG-RC-001,Noche (12h),394,4.9,74.88,91.6,6.5,5.5,189,465,51.2,68.9,Falla Mecánica,4863.65,5827.58,963.93,Ninguno,Mantenimiento / Parada
EXP-0960,2025-08-17,Volcan Compañía Minera,Chungar / Yauli,Junín,Zinc-Lead-Silver,Diamantina Superficial,RIG-DD-062,Noche (12h),862,6.1,42.68,92.4,10.8,1.2,208,494,101.3,46.2,Condición Climatológica,2605.97,3980.23,1374.26,Incidente Menor,Operación Normal
EXP-0961,2025-08-18,Volcan Compañía Minera,Chungar / Yauli,Junín,Zinc-Lead-Silver,Diamantina Superficial,RIG-DD-088,Noche (12h),679,7.7,34.67,88.6,5.4,6.6,295,770,50.9,52.8,Mantenimiento Preventivo,2865.96,2889.81,23.85,Casi Accidente,Mantenimiento / Parada
EXP-0962,2025-08-19,Compañía Minera Coimolache,Tantahuatay,Cajamarca,Gold-Copper,Diamantina Superficial,RIG-DD-023,Noche (12h),322,6.9,31.66,87.5,12.0,0.0,448,1100,93.8,40.2,Sin Parada / Operación Continua,1945.41,3066.16,1120.75,Ninguno,Operación Normal
EXP-0963,2025-08-20,Compañía Minera Antamina,Antamina,Áncash,Copper-Zinc,Diamantina Superficial,RIG-DD-015,Noche (12h),1623,5.0,49.07,93.6,7.9,4.1,226,775,43.5,57.5,Condición Climatológica,3511.84,4045.8,533.96,Ninguno,Operación Normal
EXP-0964,2025-08-21,Minera Chinalco Perú,Toromocho,Junín,Copper,Diamantina Subterránea,RIG-DD-027,Noche (12h),898,4.5,49.73,93.4,7.2,4.8,270,597,65.5,58.7,Falla Mecánica,3640.15,5134.77,1494.62,Ninguno,Mantenimiento / Parada
EXP-0965,2025-08-22,Compañía Minera Antamina,Antamina,Áncash,Copper-Zinc,Circulación Reversa,RIG-RC-011,Noche (12h),1164,4.8,78.98,95.6,6.2,5.8,232,804,48.2,87.8,,5290.03,6253.55,963.52,Ninguno,Mantenimiento / Parada
EXP-0966,2025-08-23,Minera Chinalco Perú,Toromocho,Junín,Copper,Diamantina Superficial,RIG-DD-064,Noche (12h),1675,4.3,67.42,95.9,12.0,0.0,397,685,83.6,76.1,Sin Parada / Operación Continua,3364.62,5607.81,2243.19,Ninguno,Alta Eficiencia
EXP-0967,2025-08-24,Minsur S.A.,San Rafael,Puno,Tin,Diamantina Superficial,RIG-DD-081,Día (12h),860,4.0,52.49,91.8,11.7,0.3,256,1062,103.2,52.3,Sin Parada / Operación Continua,3322.31,4345.61,1023.3,Ninguno,Operación Normal
EXP-0968,2025-08-25,Compañía Minera Coimolache,Tantahuatay,Cajamarca,Gold-Copper,Diamantina Superficial,RIG-DD-051,Noche (12h),1327,5.6,37.37,88.3,10.1,1.9,383,554,71.7,39.6,Condición Climatológica,2405.06,3397.19,992.13,Ninguno,Operación Normal
EXP-0969,2025-08-26,Minsur S.A.,San Rafael,Puno,Tin,Circulación Reversa,RIG-RC-014,Día (12h),1685,4.1,90.53,94.5,12.0,0.0,223,923,67.6,84.6,Sin Parada / Operación Continua,4975.54,6999.14,2023.6,Ninguno,Alta Eficiencia
EXP-0970,2025-08-27,Compañía Minera Antamina,Antamina,Áncash,Copper-Zinc,Diamantina Subterránea,RIG-DD-091,Noche (12h),909,4.4,43.06,94.3,11.9,0.1,335,845,104.5,54.0,Sin Parada / Operación Continua,2945.12,4329.32,1384.2,Ninguno,Operación Normal
EXP-0971,2025-08-28,Compañía Minera Coimolache,Tantahuatay,Cajamarca,Gold-Copper,Diamantina Superficial,RIG-DD-082,Noche (12h),595,6.2,30.48,92.9,11.6,0.4,181,895,,42.1,Sin Parada / Operación Continua,1711.07,2545.8,834.73,Ninguno,Operación Normal
EXP-0972,2025-08-29,Minsur S.A.,San Rafael,Puno,Tin,Diamantina Subterránea,RIG-DD-092,Día (12h),1111,4.3,45.73,95.9,10.7,1.3,236,1055,73.3,50.9,Falla Mecánica,3556.61,4795.75,1239.14,Ninguno,Operación Normal
EXP-0973,2025-08-30,Nexa Resources Perú,El Porvenir / Atacocha,Pasco,Zinc-Lead,Circulación Reversa,RIG-RC-019,Día (12h),1560,3.8,82.55,99.8,10.6,1.4,469,669,68.9,77.4,Falla Mecánica,5462.29,6880.13,1417.84,Ninguno,Alta Eficiencia
EXP-0974,2025-08-31,Compañía Minera Antamina,Antamina,Áncash,Copper-Zinc,Diamantina Subterránea,RIG-DD-047,Noche (12h),1204,5.1,42.5,91.4,11.9,0.1,237,891,93.7,58.6,Sin Parada / Operación Continua,2818.21,4770.41,1952.2,Ninguno,Operación Normal
EXP-0975,2025-09-01,Minsur S.A.,San Rafael,Puno,Tin,Circulación Reversa,RIG-RC-015,Noche (12h),1365,4.6,83.79,92.2,11.7,0.3,433,1094,74.1,78.6,Sin Parada / Operación Continua,5100.67,6631.14,1530.47,Ninguno,Alta Eficiencia
EXP-0976,2025-09-02,Nexa Resources Perú,El Porvenir / Atacocha,Pasco,Zinc-Lead,Diamantina Superficial,RIG-DD-004,Día (12h),516,6.1,33.46,87.9,10.8,1.2,359,1116,73.4,46.5,Cambio de Broca,2287.43,3054.12,766.69,Ninguno,Operación Normal
EXP-0977,2025-09-03,Nexa Resources Perú,El Porvenir / Atacocha,Pasco,Zinc-Lead,Diamantina Subterránea,RIG-DD-007,Noche (12h),1781,4.0,58.92,97.2,10.4,1.6,336,477,83.7,66.6,Cambio de Broca,4832.39,6258.42,1426.03,Ninguno,Alta Eficiencia
EXP-0978,2025-09-04,Volcan Compañía Minera,Chungar / Yauli,Junín,Zinc-Lead-Silver,Diamantina Superficial,RIG-DD-035,Noche (12h),1750,7.3,33.51,88.5,11.7,0.3,214,924,105.6,59.0,Sin Parada / Operación Continua,1931.81,2886.55,954.74,Ninguno,Operación Normal
EXP-0979,2025-09-05,Compañía Minera Antamina,Antamina,Áncash,Copper-Zinc,Diamantina Subterránea,RIG-DD-048,Noche (12h),1779,8.0,15.77,81.4,11.1,0.9,254,1077,84.7,33.7,Sin Parada / Operación Continua,1418.67,1943.55,524.88,Ninguno,Baja Eficiencia / Roca Dura
EXP-0980,2025-09-06,Nexa Resources Perú,El Porvenir / Atacocha,Pasco,Zinc-Lead,Diamantina Subterránea,RIG-DD-073,Noche (12h),1624,7.2,34.14,89.2,7.8,4.2,468,754,66.6,54.9,Espera Geología,3336.43,3757.68,421.25,Ninguno,Operación Normal
EXP-0981,2025-09-07,Volcan Compañía Minera,Chungar / Yauli,Junín,Zinc-Lead-Silver,Diamantina Subterránea,RIG-DD-072,Noche (12h),880,6.2,42.87,91.4,2.0,10.0,254,854,17.1,51.2,Cambio de Broca,4086.28,4353.57,267.29,Ninguno,Mantenimiento / Parada
EXP-0982,2025-09-08,Minsur S.A.,San Rafael,Puno,Tin,Diamantina Subterránea,RIG-DD-045,Día (12h),1533,7.8,8.51,87.0,4.2,7.8,257,962,34.3,37.4,Espera Geología,1639.45,1024.04,-615.41,Ninguno,Mantenimiento / Parada
EXP-0983,2025-09-09,Minera Barrick Misquichilca,Lagunas Norte,La Libertad,Gold,Diamantina Superficial,RIG-DD-081,Noche (12h),694,7.0,31.35,89.9,8.2,3.8,434,951,53.2,55.8,Mantenimiento Preventivo,1999.57,2642.93,643.36,Ninguno,Baja Eficiencia / Roca Dura
EXP-0984,2025-09-10,Compañía Minera Antamina,Antamina,Áncash,Copper-Zinc,Diamantina Superficial,RIG-DD-081,Noche (12h),755,3.6,52.15,92.1,11.1,0.9,444,797,99.5,49.8,Sin Parada / Operación Continua,2853.01,4487.36,1634.35,Ninguno,Alta Eficiencia
EXP-0985,2025-09-11,Compañía Minera Coimolache,Tantahuatay,Cajamarca,Gold-Copper,Pozos de Agua,RIG-RC-017,Día (12h),809,5.5,51.42,96.9,9.9,2.1,246,689,71.7,62.6,Mantenimiento Preventivo,3156.66,4100.67,944.01,Ninguno,Operación Normal
EXP-0986,2025-09-12,Minera Chinalco Perú,Toromocho,Junín,Copper,Circulación Reversa,RIG-RC-001,Día (12h),308,7.8,48.47,88.5,11.0,1.0,400,1019,62.4,69.4,Cambio de Broca,2976.74,3949.07,972.33,Ninguno,Operación Normal
EXP-0987,2025-09-13,Minera Chinalco Perú,Toromocho,Junín,Copper,Diamantina Superficial,RIG-DD-096,Día (12h),571,5.2,32.68,87.3,10.1,1.9,343,1144,65.4,41.4,Mantenimiento Preventivo,2215.67,2853.71,638.04,Ninguno,Operación Normal
EXP-0988,2025-09-14,Minsur S.A.,San Rafael,Puno,Tin,Diamantina Superficial,RIG-DD-072,Noche (12h),1054,3.7,55.16,95.6,11.3,0.7,399,786,96.8,59.8,Sin Parada / Operación Continua,2752.2,4383.72,1631.52,Casi Accidente,Alta Eficiencia
EXP-0989,2025-09-15,Minsur S.A.,San Rafael,Puno,Tin,Diamantina Superficial,RIG-DD-019,Noche (12h),815,7.2,20.22,89.8,10.3,1.7,351,475,59.5,41.5,Condición Climatológica,1429.44,1831.52,402.08,Ninguno,Baja Eficiencia / Roca Dura
EXP-0990,2025-09-16,Nexa Resources Perú,El Porvenir / Atacocha,Pasco,Zinc-Lead,Diamantina Subterránea,RIG-DD-063,Noche (12h),967,7.5,31.8,84.7,10.7,1.3,433,858,65.2,59.0,Condición Climatológica,2608.88,3767.76,1158.88,Ninguno,Baja Eficiencia / Roca Dura
EXP-0991,2025-09-17,Compañía Minera Antamina,Antamina,Áncash,Copper-Zinc,Diamantina Subterránea,RIG-DD-038,Noche (12h),405,4.3,44.13,96.0,12.0,0.0,389,526,99.3,39.8,Sin Parada / Operación Continua,2990.85,4403.93,1413.08,Ninguno,Operación Normal
EXP-0992,2025-09-18,Minera Chinalco Perú,Toromocho,Junín,Copper,Diamantina Superficial,RIG-DD-067,Noche (12h),1046,6.2,35.26,95.6,9.2,2.8,367,666,83.4,47.7,Condición Climatológica,2776.58,3236.56,459.98,Ninguno,Operación Normal
EXP-0993,2025-09-19,Minera Chinalco Perú,Toromocho,Junín,Copper,Diamantina Superficial,RIG-DD-059,Día (12h),242,4.5,61.37,92.1,12.0,0.0,370,777,,58.4,Sin Parada / Operación Continua,3700.42,5033.4,1332.98,Ninguno,Alta Eficiencia
EXP-0994,2025-09-20,Nexa Resources Perú,El Porvenir / Atacocha,Pasco,Zinc-Lead,Diamantina Subterránea,RIG-DD-069,Día (12h),1064,7.1,36.99,90.1,11.4,0.6,394,472,72.8,52.2,Sin Parada / Operación Continua,2529.4,4117.64,1588.24,Ninguno,Operación Normal
EXP-0995,2025-09-21,Minera Chinalco Perú,Toromocho,Junín,Copper,Diamantina Subterránea,RIG-DD-013,Día (12h),1468,4.9,49.62,93.8,12.0,0.0,265,1119,68.6,52.1,,3992.8,5267.12,1274.32,Ninguno,Operación Normal
EXP-0996,2025-09-22,Compañía Minera Coimolache,Tantahuatay,Cajamarca,Gold-Copper,Diamantina Superficial,RIG-DD-047,Día (12h),1510,5.1,43.18,95.7,11.2,0.8,285,759,89.2,50.0,Sin Parada / Operación Continua,2505.2,3572.6,1067.4,Ninguno,Operación Normal
EXP-0997,2025-09-23,Compañía Minera Antamina,Antamina,Áncash,Copper-Zinc,Diamantina Subterránea,RIG-DD-061,Noche (12h),1578,7.7,26.46,87.3,11.9,0.1,475,1048,67.7,40.8,Sin Parada / Operación Continua,2360.13,3222.03,861.9,Ninguno,Baja Eficiencia / Roca Dura
EXP-0998,2025-09-24,Gold Fields La Cima,Cerro Corona,Cajamarca,Gold-Copper,Diamantina Superficial,RIG-DD-031,Noche (12h),984,5.9,43.31,88.0,7.6,4.4,198,716,60.4,54.6,Mantenimiento Preventivo,2804.02,3743.41,939.39,Ninguno,Operación Normal
EXP-0999,2025-09-25,Minera Chinalco Perú,Toromocho,Junín,Copper,Diamantina Superficial,RIG-DD-080,Día (12h),675,6.8,22.71,92.1,11.0,1.0,226,864,70.4,44.7,Condición Climatológica,1831.64,2396.77,565.13,Incidente Menor,Operación Normal
EXP-1000,2025-09-26,Minsur S.A.,San Rafael,Puno,Tin,Diamantina Subterránea,RIG-DD-096,Noche (12h),282,5.5,47.81,89.0,10.9,1.1,244,1095,99.4,54.5,Espera Geología,3259.27,4985.56,1726.29,Ninguno,Operación Normal
